ano,id_municipio,n_alunos_teste,prob_media_prevista,taxa_observada,meta,sigla_uf,gap_previsto_vs_meta
2024,2100808,109,0.49480992837559673,0.3394495412844037,80.0,MA,-30.519007162440325
2024,4305850,12,0.4961478038539755,0.4166666666666667,80.0,RS,-30.38521961460245
2024,4304408,467,0.49017928327064636,0.4732334047109208,78.87,RS,-29.852071672935367
2024,2513109,37,0.5054257291466892,0.40540540540540543,80.0,PB,-29.457427085331084
2024,4305124,41,0.47049919228491255,0.3902439024390244,75.82,RS,-28.770080771508738
2024,4314464,17,0.4666291460811066,0.35294117647058826,75.04,RS,-28.377085391889345
2024,2207553,34,0.5228295927864639,0.5,80.0,PI,-27.717040721353612
2024,4323507,22,0.5242369485385963,0.7272727272727273,80.0,RS,-27.57630514614037
2024,4322855,15,0.5261792213344527,0.4666666666666667,80.0,RS,-27.38207786655473
2024,4319901,826,0.474350534550081,0.4467312348668281,73.9,RS,-26.464946544991903
2024,4303707,44,0.535426273720799,0.5,80.0,RS,-26.4573726279201
2024,4309902,53,0.5256452303431747,0.49056603773584906,78.69,RS,-26.12547696568253
2024,2106607,269,0.47565347915838674,0.3420074349442379,73.54,MA,-25.974652084161335
2024,2933257,53,0.4385664123569936,0.3584905660377358,69.8,BA,-25.943358764300633
2024,4304507,338,0.5426606736459636,0.5680473372781065,79.74,RS,-25.473932635403635
2024,2511707,38,0.5457925385091086,0.5526315789473685,80.0,PB,-25.42074614908914
2024,4307401,37,0.548090149423301,0.4864864864864865,80.0,RS,-25.1909850576699
2024,4311254,35,0.5512964483959968,0.6571428571428571,80.0,RS,-24.870355160400322
2024,4312054,25,0.5164159647081016,0.48,76.49,RS,-24.848403529189838
2024,2207793,27,0.551520380411928,0.5185185185185185,80.0,PI,-24.847961958807204
2024,4301651,32,0.555668421831897,0.53125,80.0,RS,-24.4331578168103
2024,2513968,22,0.5567509880293878,0.5454545454545454,80.0,PB,-24.324901197061216
2024,4314076,52,0.5607370700166672,0.5769230769230769,80.0,RS,-23.92629299833328
2024,3138104,50,0.5632173776264281,0.48,80.0,MG,-23.67826223735719
2024,2411601,56,0.3777630547995119,0.32142857142857145,61.45,RN,-23.673694520048812
2024,2201804,20,0.5633739250071239,0.55,80.0,PI,-23.66260749928761
2024,4313060,244,0.498205500780189,0.45491803278688525,73.32,RS,-23.499449921981096
2024,4303558,36,0.5666789516541193,0.5555555555555556,80.0,RS,-23.332104834588073
2024,3513306,17,0.5674972717721927,0.47058823529411764,80.0,SP,-23.25027282278073
2024,4314027,33,0.5679890671844234,0.5454545454545454,80.0,RS,-23.201093281557654
2024,4321808,211,0.5597294857691725,0.5213270142180095,79.17,RS,-23.197051423082755
2024,2203859,22,0.568291178312856,0.5454545454545454,80.0,PI,-23.1708821687144
2024,4306403,341,0.5556034763756144,0.5777126099706745,78.68,RS,-23.119652362438572
2024,2209302,34,0.5697534883345647,0.5588235294117647,80.0,PI,-23.024651166543528
2024,2413607,73,0.5045480565373225,0.4794520547945205,72.95,RN,-22.495194346267752
2024,4306205,59,0.47665143354825273,0.3728813559322034,70.11,RS,-22.444856645174724
2024,2611408,83,0.5552495041023301,0.5060240963855421,77.9,PE,-22.375049589766995
2024,3554755,19,0.5769223505190566,0.47368421052631576,80.0,SP,-22.307764948094338
2024,4300661,15,0.4829819430742711,0.3333333333333333,70.55,RS,-22.251805692572887
2024,4318804,355,0.5721047964582884,0.5633802816901409,79.22,RS,-22.00952035417116
2024,4312302,54,0.5724691376487699,0.46296296296296297,79.13,RS,-21.883086235123002
2024,2912806,148,0.4195208364652476,0.3783783783783784,63.71,BA,-21.75791635347524
2024,4313904,513,0.5426874343063044,0.5497076023391813,76.0,RS,-21.731256569369563
2024,2505907,21,0.46717142953852253,0.38095238095238093,67.81,PB,-21.09285704614775
2024,2501302,203,0.48873998296700694,0.4433497536945813,69.89,PB,-21.01600170329931
2024,3100708,20,0.5938608492969601,0.55,80.0,MG,-20.61391507030399
2024,4108502,146,0.5862322959776917,0.5616438356164384,79.19,PR,-20.56677040223083
2024,4316105,78,0.5563937536615666,0.5256410256410257,76.01,RS,-20.37062463384334
2024,2501906,99,0.40386545656752204,0.35353535353535354,60.65,PB,-20.263454343247794
2024,4305207,113,0.5581583848331945,0.48672566371681414,75.82,RS,-20.004161516680547
2024,4320107,214,0.5282401768927252,0.5,72.81,RS,-19.985982310727486
2024,2917334,94,0.341573344399349,0.2553191489361702,54.11,BA,-19.9526655600651
2024,2402402,58,0.4793796203476473,0.29310344827586204,67.88,RN,-19.942037965235265
2024,2411106,20,0.41901579820878715,0.35,61.84,RN,-19.938420179121287
2024,1101476,59,0.6016617227718718,0.576271186440678,80.0,RO,-19.83382772281282
2024,2507408,54,0.38089033305606224,0.24074074074074073,57.85,PB,-19.76096669439378
2024,2506806,128,0.41756023903115114,0.46875,61.08,PB,-19.323976096884884
2024,4314035,48,0.5490642039744019,0.5416666666666666,74.1,RS,-19.1935796025598
2024,2919959,38,0.45106772837518944,0.47368421052631576,64.12,BA,-19.01322716248106
2024,2904209,57,0.4605177760164073,0.47368421052631576,65.03,BA,-18.97822239835927
2024,4322608,488,0.5955842902406245,0.610655737704918,78.41,RS,-18.85157097593754
2024,4306908,241,0.47749557932752024,0.5186721991701245,66.52,RS,-18.77044206724797
2024,1506559,158,0.4159351261217534,0.4050632911392405,60.36,PA,-18.76648738782466
2024,3137106,37,0.6168404313822363,0.5675675675675675,80.0,MG,-18.31595686177637
2024,4313011,35,0.6172723008345072,0.6,80.0,RS,-18.27276991654928
2024,4124004,55,0.6033481935911634,0.5454545454545454,78.52,PR,-18.18518064088365
2024,2407708,120,0.44174596507327346,0.44166666666666665,62.22,RN,-18.045403492672655
2024,4300034,46,0.5371072327717274,0.5217391304347826,71.55,RS,-17.83927672282725
2024,1100338,404,0.4811084611173431,0.45792079207920794,65.81,RO,-17.69915388826569
2024,3107000,29,0.6248905347559919,0.5862068965517241,80.0,MG,-17.510946524400815
2024,4307815,25,0.6254213473952436,0.6,80.0,RS,-17.457865260475643
2024,2100303,212,0.5240857263612547,0.45754716981132076,69.85,MA,-17.441427363874524
2024,2605202,406,0.4133445824188995,0.3078817733990148,58.74,PE,-17.405541758110054
2024,4311809,432,0.5138324832926287,0.4652777777777778,68.78,RS,-17.39675167073714
2024,4323358,17,0.5524093911637022,0.5294117647058824,72.6,RS,-17.359060883629766
2024,2508307,210,0.5156600866226314,0.4714285714285714,68.72,PB,-17.153991337736855
2024,4206801,35,0.5934412850539527,0.5428571428571428,76.34,SC,-16.995871494604735
2024,2515971,27,0.4637669399738589,0.4074074074074074,63.31,PB,-16.93330600261411
2024,4304705,547,0.4962872488514858,0.46617915904936014,66.52,RS,-16.891275114851418
2024,4301503,29,0.63159281547317,0.4482758620689655,80.0,RS,-16.840718452683
2024,2909109,140,0.35871386140411515,0.30714285714285716,52.66,BA,-16.78861385958848
2024,2110856,138,0.487401238280787,0.427536231884058,65.51,MA,-16.769876171921304
2024,2102507,72,0.41006299825601294,0.3194444444444444,57.7,MA,-16.693700174398707
2024,2406304,49,0.3647051902293117,0.30612244897959184,52.99,RN,-16.51948097706883
2024,4315107,70,0.5657464981481499,0.5714285714285714,73.05,RS,-16.475350185185007
2024,2414803,132,0.45798419418614095,0.44696969696969696,62.26,RN,-16.461580581385903
2024,4121356,23,0.6192285705048256,0.5652173913043478,78.33,PR,-16.407142949517436
2024,5106257,245,0.5660259721255219,0.4489795918367347,72.93,MT,-16.327402787447824
2024,2900801,250,0.34684883153815144,0.296,50.94,BA,-16.255116846184855
2024,2701506,46,0.3999611020547643,0.3695652173913043,56.21,AL,-16.213889794523567
2024,4318457,18,0.6259871341951768,0.6111111111111112,78.67,RS,-16.071286580482322
2024,1506005,452,0.45049138237142394,0.4446902654867257,61.1,PA,-16.050861762857608
2024,2514206,84,0.640330403170664,0.5952380952380952,80.0,PB,-15.966959682933592
2024,2106326,315,0.45735779310997343,0.4158730158730159,61.61,MA,-15.874220689002655
2024,4304713,48,0.6416296404553838,0.625,80.0,RS,-15.837035954461612
2024,2707800,101,0.5131985966310938,0.46534653465346537,66.92,AL,-15.600140336890625
2024,2903953,90,0.32459148905241686,0.24444444444444444,47.9,BA,-15.440851094758315
2024,4109906,105,0.5899907031450723,0.5238095238095238,74.31,PR,-15.310929685492773
2024,1708304,41,0.4287181390343347,0.3902439024390244,57.94,TO,-15.068186096566528
2024,3142809,218,0.6066825089666089,0.5688073394495413,75.58,MG,-14.911749103339105
2024,4301008,165,0.6521908689018485,0.6303030303030303,80.0,RS,-14.780913109815145
2024,2917409,102,0.5166443593932308,0.5686274509803921,66.43,BA,-14.765564060676923
2024,4309605,187,0.5787323459139567,0.5775401069518716,72.61,RS,-14.736765408604327
2024,1719004,49,0.3878744741094722,0.2857142857142857,53.31,TO,-14.522552589052786
2024,2907301,203,0.35321695619041127,0.3054187192118227,49.79,BA,-14.46830438095887
2024,4310538,53,0.47983387442183434,0.37735849056603776,62.43,RS,-14.446612557816565
2024,2923407,151,0.36788460767018427,0.3576158940397351,51.09,BA,-14.301539232981575
2024,2105427,252,0.6562931544121139,0.6031746031746031,79.93,MA,-14.300684558788618
2024,2925006,181,0.3209395205205125,0.2430939226519337,46.35,BA,-14.256047947948751
2024,5106315,36,0.5837427449128137,0.5833333333333334,72.61,MT,-14.235725508718623
2024,2906899,90,0.37817711480426147,0.35555555555555557,52.02,BA,-14.202288519573855
2024,4206603,93,0.6584527966706472,0.6021505376344086,80.0,SC,-14.154720332935284
2024,4323804,205,0.4670459371211132,0.3853658536585366,60.68,RS,-13.975406287888681
2024,2920502,179,0.43128786283258763,0.43575418994413406,57.02,BA,-13.891213716741241
2024,4305871,31,0.6612986918786664,0.6774193548387096,80.0,RS,-13.870130812133354
2024,3543204,46,0.6120567536065203,0.5869565217391305,75.04,SP,-13.834324639347969
2024,4300059,29,0.5337418795174087,0.5517241379310345,67.13,RS,-13.755812048259124
2024,2608008,131,0.42846501003992943,0.35877862595419846,56.54,PE,-13.693498996007058
2024,4106456,78,0.6492801145897146,0.6282051282051282,78.53,PR,-13.601988541028547
2024,4318408,133,0.665112683121221,0.6240601503759399,80.0,RS,-13.488731687877902
2024,1718402,45,0.5773968903735504,0.5777777777777777,71.14,TO,-13.400310962644966
2024,3551801,143,0.556167512352459,0.5244755244755245,68.93,SP,-13.313248764754107
2024,4314472,41,0.5319291249195027,0.43902439024390244,66.33,RS,-13.137087508049724
2024,1304237,296,0.3840165422786036,0.30405405405405406,51.45,AM,-13.04834577213964
2024,3506300,92,0.572079692867726,0.4782608695652174,70.21,SP,-13.002030713227398
2024,2106904,245,0.43664977648453585,0.35918367346938773,56.61,MA,-12.945022351546413
2024,5106653,74,0.5874990081732815,0.5135135135135135,71.32,MT,-12.570099182671846
2024,3304557,43411,0.4758409634058865,0.6428785330906913,60.14,RJ,-12.55590365941135
2024,2109106,429,0.4645480622662173,0.44988344988344986,58.95,MA,-12.495193773378269
2024,2504900,115,0.4792665329324817,0.4782608695652174,60.34,PB,-12.413346706751831
2024,2927200,247,0.3232845294765804,0.2793522267206478,44.71,BA,-12.381547052341965
2024,3170008,94,0.5949777866768436,0.6170212765957447,71.8,MG,-12.302221332315632
2024,2902005,83,0.3575793401349876,0.2891566265060241,47.99,BA,-12.23206598650124
2024,4320503,28,0.5096492147312861,0.4642857142857143,63.15,RS,-12.185078526871386
2024,1717008,56,0.4055360899981536,0.3392857142857143,52.73,TO,-12.176391000184637
2024,2600401,174,0.5210772466772212,0.5574712643678161,64.26,PE,-12.152275332277881
2024,1707652,62,0.5327906674173073,0.5161290322580645,65.27,TO,-11.990933258269266
2024,3507100,292,0.5959015241412857,0.5376712328767124,71.48,SP,-11.88984758587143
2024,3522158,27,0.5218928552116288,0.5185185185185185,64.03,SP,-11.840714478837128
2024,5101605,76,0.5153923101278544,0.5263157894736842,63.34,MT,-11.800768987214568
2024,1504802,732,0.46511359172468775,0.4685792349726776,58.27,PA,-11.75864082753123
2024,1501576,178,0.4998886894533744,0.5280898876404494,61.74,PA,-11.751131054662565
2024,4202081,45,0.6004540089319029,0.5555555555555556,71.69,SC,-11.644599106809707
2024,4312658,158,0.5676480931143876,0.6012658227848101,68.38,RS,-11.615190688561235
2024,4311502,40,0.499858484994142,0.45,61.56,RS,-11.574151500585806
2024,4306130,14,0.6660585243156639,0.6428571428571429,78.11,RS,-11.50414756843361
2024,4211009,104,0.5892840329263404,0.6057692307692307,70.43,SC,-11.50159670736597
2024,2904050,150,0.3499116388169014,0.34,46.43,BA,-11.438836118309858
2024,2202554,57,0.5318326897726167,0.5789473684210527,64.49,PI,-11.306731022738326
2024,2933455,121,0.4704853196002059,0.5537190082644629,58.33,BA,-11.281468039979409
2024,1705557,55,0.5377782407211571,0.5636363636363636,65.04,TO,-11.2621759278843
2024,2510709,21,0.6838093860320822,0.6666666666666666,79.59,PB,-11.209061396791782
2024,4315701,317,0.6339979085144328,0.61198738170347,74.39,RS,-10.990209148556715
2024,2905008,196,0.4550805653007433,0.47959183673469385,56.48,BA,-10.971943469925662
2024,1508084,467,0.5145229061147202,0.48822269807280516,62.31,PA,-10.857709388527987
2024,4312757,34,0.6916258317750744,0.6470588235294118,80.0,RS,-10.837416822492557
2024,2206704,48,0.4147794319299845,0.3958333333333333,52.31,PI,-10.83205680700155
2024,2207751,42,0.6919175322136482,0.6428571428571429,80.0,PI,-10.80824677863518
2024,3205309,2698,0.5747509479664376,0.7338769458858414,68.18,ES,-10.704905203356255
2024,1505635,153,0.5120913485313642,0.5686274509803921,61.89,PA,-10.680865146863582
2024,3170305,30,0.5570987108876154,0.5,66.38,MG,-10.67012891123845
2024,1506195,320,0.5095455939586147,0.546875,61.62,PA,-10.665440604138531
2024,2505279,27,0.5028153889493499,0.5555555555555556,60.93,PB,-10.648461105065017
2024,2901007,249,0.45226299650560514,0.5100401606425703,55.84,BA,-10.61370034943949
2024,3525607,60,0.6942642764211169,0.65,80.0,SP,-10.57357235788831
2024,2906709,162,0.3402397828558402,0.30864197530864196,44.57,BA,-10.546021714415978
2024,3125804,21,0.5575312157811418,0.5238095238095238,66.17,MG,-10.41687842188582
2024,2500502,141,0.5068010570159441,0.524822695035461,61.06,PB,-10.379894298405588
2024,3543501,83,0.6970353431791204,0.6385542168674698,80.0,SP,-10.296465682087955
2024,2929305,203,0.3280547269184042,0.24630541871921183,43.04,BA,-10.234527308159578
2024,2916104,210,0.34605407570481383,0.2857142857142857,44.71,BA,-10.104592429518618
2024,2906600,120,0.4207276409243033,0.4166666666666667,52.13,BA,-10.05723590756967
2024,3124609,21,0.6997983690073706,0.6666666666666666,80.0,MG,-10.020163099262945
2024,1600253,105,0.4533610393643265,0.41904761904761906,55.34,AP,-10.003896063567353
2024,2613206,177,0.5401397006838377,0.5423728813559322,63.98,PE,-9.966029931616234
2024,2403202,44,0.4830053345635738,0.5227272727272727,58.21,RN,-9.909466543642623
2024,3520202,130,0.5460670057344257,0.5076923076923077,64.51,SP,-9.903299426557439
2024,2405009,79,0.4253238439369791,0.43037974683544306,52.38,RN,-9.847615606302092
2024,2102200,251,0.40787630735584685,0.2908366533864542,50.62,MA,-9.832369264415313
2024,2515401,81,0.5004946141537474,0.5432098765432098,59.88,PB,-9.830538584625259
2024,2110401,183,0.4242213945946461,0.3825136612021858,52.21,MA,-9.787860540535391
2024,2402808,40,0.3706285857969533,0.325,46.85,RN,-9.787141420304671
2024,2930154,439,0.33086668557506577,0.26651480637813213,42.83,BA,-9.743331442493421
2024,5108352,42,0.44178214102274493,0.23809523809523808,53.92,MT,-9.741785897725507
2024,4105003,117,0.5857824251548454,0.5641025641025641,68.32,PR,-9.74175748451546
2024,2509800,81,0.5050501524279402,0.654320987654321,60.21,PB,-9.704984757205985
2024,3142908,138,0.7032167168390772,0.6739130434782609,80.0,MG,-9.67832831609229
2024,4215679,99,0.703722581703335,0.7373737373737373,80.0,SC,-9.627741829666505
2024,4208104,247,0.5830908117982332,0.6153846153846154,67.88,SC,-9.57091882017668
2024,2904803,50,0.4421225976627901,0.5,53.62,BA,-9.407740233720986
2024,5107305,228,0.6488718533017429,0.6008771929824561,74.23,MT,-9.342814669825714
2024,2201606,111,0.6862388400791601,0.6846846846846847,77.94,PI,-9.31611599208398
2024,1100098,392,0.7071365635887072,0.6964285714285714,80.0,RO,-9.286343641129278
2024,1720937,27,0.5058541288786578,0.5555555555555556,59.86,TO,-9.27458711213422
2024,2106755,270,0.5018066786968489,0.5111111111111111,59.27,MA,-9.089332130315114
2024,2612554,90,0.533768318334833,0.5333333333333333,62.41,PE,-9.033168166516703
2024,4215307,110,0.6940860148759136,0.6818181818181818,78.29,SC,-8.881398512408651
2024,2102002,332,0.7114189206203818,0.6867469879518072,80.0,MA,-8.858107937961819
2024,4115101,106,0.5650374164629869,0.5377358490566038,65.33,PR,-8.826258353701313
2024,2612703,101,0.7123910869270665,0.6435643564356436,80.0,PE,-8.760891307293349
2024,4117057,78,0.692570713404349,0.6794871794871795,77.85,PR,-8.592928659565104
2024,2922250,118,0.2944151756713601,0.22033898305084745,38.02,BA,-8.578482432863993
2024,4310504,49,0.6072034004710557,0.5918367346938775,69.28,RS,-8.559659952894428
2024,3143609,28,0.7146710402868102,0.6785714285714286,80.0,MG,-8.532895971318979
2024,4215554,24,0.7014594010846554,0.6666666666666666,78.58,SC,-8.43405989153446
2024,2111631,47,0.5179586071439827,0.5531914893617021,60.22,MA,-8.424139285601733
2024,4309308,947,0.46293709063785216,0.3262935586061246,54.7,RS,-8.406290936214788
2024,3121209,88,0.7096271673634693,0.6818181818181818,79.34,MG,-8.37728326365307
2024,4107009,159,0.7165350815044392,0.6855345911949685,80.0,PR,-8.346491849556074
2024,1100924,154,0.7167379263201622,0.7337662337662337,80.0,RO,-8.326207367983784
2024,3120839,52,0.7178846680421344,0.6923076923076923,80.0,MG,-8.211533195786558
2024,4302204,72,0.7184590518136479,0.6666666666666666,80.0,RS,-8.154094818635215
2024,3514106,249,0.5635620373787484,0.5742971887550201,64.5,SP,-8.143796262125157
2024,4308706,47,0.7084377594137068,0.7446808510638298,78.98,RS,-8.136224058629324
2024,2902658,150,0.3888654865736665,0.26666666666666666,46.98,BA,-8.093451342633351
2024,3549953,137,0.5637189456413263,0.583941605839416,64.46,SP,-8.088105435867362
2024,2602902,1976,0.5118994229727329,0.5075910931174089,59.25,PE,-8.06005770272671
2024,2923605,141,0.4426616067484092,0.48936170212765956,52.28,BA,-8.013839325159083
2024,1503002,148,0.47855805947496755,0.5337837837837838,55.82,PA,-7.964194052503245
2024,4319711,15,0.7205112768955243,0.7333333333333333,80.0,RS,-7.94887231044757
2024,4321436,105,0.6108264190399553,0.5714285714285714,69.02,RS,-7.937358096004466
2024,2602605,420,0.49538200300333896,0.49047619047619045,57.44,PE,-7.9017996996661
2024,5103304,230,0.5358200809824664,0.4782608695652174,61.46,MT,-7.8779919017533615
2024,2103208,685,0.4468162930343952,0.41751824817518246,52.46,MA,-7.778370696560479
2024,2409506,40,0.4331949212157206,0.45,51.07,RN,-7.750507878427939
2024,2109403,89,0.6860729634837939,0.6966292134831461,76.22,MA,-7.612703651620606
2024,2911709,776,0.4611946261674342,0.4639175257731959,53.73,BA,-7.6105373832565775
2024,2709103,239,0.42224254300046865,0.39330543933054396,49.8,AL,-7.575745699953131
2024,2509339,36,0.7181604016766384,0.7222222222222222,79.38,PB,-7.5639598323361525
2024,2402204,309,0.3664836045041712,0.31715210355987056,44.21,RN,-7.561639549582878
2024,2925105,389,0.4223267487921184,0.42930591259640105,49.79,BA,-7.557325120788157
2024,4115309,80,0.6945163933743917,0.675,76.94,PR,-7.488360662560822
2024,3519071,2413,0.5416876274021675,0.5536676336510568,61.65,SP,-7.481237259783249
2024,2906808,332,0.29414746654366414,0.2319277108433735,36.8,BA,-7.385253345633583
2024,3522109,1291,0.512053513250075,0.48412083656080557,58.59,SP,-7.384648674992505
2024,2101103,143,0.7262427713350301,0.7132867132867133,80.0,MA,-7.375722866496986
2024,2907558,59,0.44977544468396924,0.5084745762711864,52.31,BA,-7.332455531603081
2024,4204103,46,0.6389383093626856,0.5869565217391305,71.21,SC,-7.3161690637314365
2024,1302504,1280,0.4256773036528633,0.403125,49.77,AM,-7.202269634713673
2024,4305447,41,0.6526081545439252,0.6829268292682927,72.46,RS,-7.19918454560748
2024,2926301,172,0.37696570096680915,0.38372093023255816,44.85,BA,-7.153429903319086
2024,2509370,11,0.3913717562281247,0.18181818181818182,46.27,PB,-7.132824377187532
2024,2901809,79,0.32409019273904993,0.25316455696202533,39.52,BA,-7.110980726095008
2024,5104906,119,0.5281294093976794,0.5462184873949579,59.89,MT,-7.0770590602320596
2024,4104428,216,0.6732813874211572,0.6481481481481481,74.4,PR,-7.071861257884294
2024,3152006,292,0.6055683484037794,0.6643835616438356,67.62,MG,-7.063165159622066
2024,1721000,2964,0.5514415783124658,0.5745614035087719,62.2,TO,-7.055842168753429
2024,2601706,658,0.4761544016787413,0.4376899696048632,54.67,PE,-7.054559832125875
2024,1507755,84,0.7284828070293854,0.7023809523809523,79.9,PA,-7.051719297061467
2024,4320800,248,0.6143493000930379,0.6290322580645161,68.48,RS,-7.045069990696213
2024,4112306,45,0.6933254716920604,0.6444444444444445,76.34,PR,-7.007452830793966
2024,2918001,927,0.37426453654238956,0.3948220064724919,44.37,BA,-6.9435463457610425
2024,2930600,144,0.32828017711258,0.2569444444444444,39.77,BA,-6.941982288742004
2024,1502103,1141,0.39733468732808935,0.39526730937773885,46.63,PA,-6.896531267191065
2024,4309506,59,0.6504960774461855,0.7457627118644068,71.9,RS,-6.8503922553814505
2024,4101606,342,0.6929767546273456,0.6812865497076024,76.12,PR,-6.822324537265445
2024,2607653,247,0.4690567657490003,0.43724696356275305,53.71,PE,-6.804323425099973
2024,2928059,95,0.33731939752570494,0.28421052631578947,40.34,BA,-6.608060247429506
2024,5007703,162,0.5193140160439151,0.5308641975308642,58.52,MS,-6.588598395608493
2024,2903805,140,0.33717125380601315,0.32142857142857145,40.29,BA,-6.572874619398682
2024,2933208,405,0.3909393415651746,0.38271604938271603,45.5,BA,-6.406065843482537
2024,2919504,402,0.38535275001409885,0.3805970149253731,44.87,BA,-6.3347249985901115
2024,5207402,156,0.7369832914002393,0.7243589743589743,80.0,GO,-6.3016708599760705
2024,4321402,112,0.6340851991679654,0.625,69.61,RS,-6.201480083203464
2024,4119509,1321,0.557603392440452,0.5094625283875852,61.92,PR,-6.159660755954803
2024,2903904,683,0.345751478003552,0.34553440702781846,40.73,BA,-6.1548521996448
2024,4215406,51,0.739176357615329,0.7254901960784313,80.0,SC,-6.0823642384671075
2024,2900207,159,0.29581567052637814,0.18238993710691823,35.44,BA,-5.858432947362182
2024,4108957,89,0.7376683275551887,0.7191011235955056,79.6,PR,-5.833167244481118
2024,2207959,63,0.4747015575153726,0.49206349206349204,53.26,PI,-5.789844248462742
2024,4300208,46,0.7423544691132945,0.7391304347826086,80.0,RS,-5.764553088670553
2024,2508703,11,0.6585062959264398,0.6363636363636364,71.59,PB,-5.73937040735602
2024,2605608,145,0.6940131012770672,0.6827586206896552,75.14,PE,-5.738689872293278
2024,4212205,177,0.6629774330072014,0.6779661016949152,72.03,SC,-5.732256699279873
2024,4206504,488,0.6615244103040329,0.6516393442622951,71.87,SC,-5.717558969596723
2024,3120151,63,0.5189102289438472,0.49206349206349204,57.46,MG,-5.568977105615282
2024,2613800,136,0.4819880362981145,0.4264705882352941,53.76,PE,-5.561196370188547
2024,3530409,48,0.5709904915116916,0.5625,62.66,SP,-5.560950848830842
2024,2513406,149,0.5354344735675045,0.5436241610738255,59.0,PB,-5.456552643249552
2024,2403251,1330,0.44619201012224236,0.36390977443609024,50.04,RN,-5.420798987775761
2024,1101559,53,0.6783473624112485,0.660377358490566,73.21,RO,-5.37526375887515
2024,2803500,766,0.36954266298629973,0.3733681462140992,42.31,SE,-5.355733701370028
2024,2906303,272,0.3081671030885207,0.2867647058823529,36.12,BA,-5.303289691147928
2024,2908200,142,0.33412392969505555,0.2746478873239437,38.68,BA,-5.267607030494446
2024,1301902,1148,0.4655362064582644,0.5034843205574913,51.78,AM,-5.226379354173567
2024,4117701,390,0.6776199799815431,0.6641025641025641,72.95,PR,-5.188002001845689
2024,1600550,48,0.37922972489163015,0.2916666666666667,43.05,AP,-5.127027510836982
2024,4323606,14,0.7487370933103195,0.8571428571428571,80.0,RS,-5.126290668968053
2024,2703205,249,0.48044639353488244,0.5100401606425703,53.17,AL,-5.1253606465117585
2024,4104659,314,0.7072330325403174,0.697452229299363,75.84,PR,-5.116696745968255
2024,5007950,187,0.5118464874077221,0.5668449197860963,56.3,MS,-5.115351259227786
2024,3103207,18,0.7488740822041271,0.7222222222222222,80.0,MG,-5.112591779587291
2024,3154101,76,0.6829281962160612,0.6052631578947368,73.4,MG,-5.107180378393892
2024,3540606,519,0.6953830162830531,0.7013487475915221,74.61,SP,-5.071698371694694
2024,4204707,123,0.7493359150099269,0.7479674796747967,80.0,SC,-5.066408499007309
2024,3526605,83,0.5211462879490769,0.4578313253012048,57.18,SP,-5.065371205092312
2024,1706001,74,0.48332651737561066,0.4864864864864865,53.39,TO,-5.057348262438936
2024,2413904,93,0.38160936920837335,0.34408602150537637,43.17,RN,-5.009063079162665
2024,3530300,489,0.6459167768570013,0.6134969325153374,69.6,SP,-5.0083223142998605
2024,4300604,1974,0.47006698925090434,0.36119554204660587,52.0,RS,-4.993301074909567
2024,3505609,356,0.5455451582251128,0.5140449438202247,59.52,SP,-4.965484177488719
2024,2203354,44,0.3523486830027492,0.11363636363636363,40.14,PI,-4.905131699725082
2024,3512605,44,0.4689919085915351,0.38636363636363635,51.76,SP,-4.860809140846484
2024,2100204,110,0.6968187017692583,0.7090909090909091,74.47,MA,-4.788129823074172
2024,2932804,115,0.3592347618922125,0.33043478260869563,40.69,BA,-4.76652381077875
2024,4200200,154,0.7525383392827132,0.7662337662337663,80.0,SC,-4.74616607172868
2024,2202075,24,0.752576790731816,0.75,80.0,PI,-4.742320926818394
2024,3511607,264,0.549903314472169,0.5113636363636364,59.73,SP,-4.739668552783094
2024,5106190,84,0.7459814278944197,0.75,79.33,MT,-4.731857210558033
2024,2907707,105,0.36675459585683523,0.3619047619047619,41.36,BA,-4.684540414316473
2024,3152808,334,0.547956485144743,0.5,59.46,MG,-4.6643514855257
2024,3507506,1152,0.5795096103085402,0.5720486111111112,62.56,SP,-4.609038969145985
2024,2903102,53,0.40002580520001635,0.39622641509433965,44.61,BA,-4.607419479998363
2024,2502508,95,0.39908247585710627,0.3684210526315789,44.48,PB,-4.571752414289371
2024,2208007,528,0.5289059749490608,0.5511363636363636,57.43,PI,-4.539402505093925
2024,3515194,48,0.5760187522742141,0.5625,62.12,SP,-4.518124772578588
2024,3306008,636,0.5339125086465364,0.5172955974842768,57.88,RJ,-4.48874913534636
2024,3507159,54,0.5579772333689931,0.5555555555555556,60.25,SP,-4.45227666310069
2024,2614600,298,0.6960105483582533,0.6912751677852349,74.03,PE,-4.428945164174678
2024,4120309,40,0.7560272125349005,0.75,80.0,PR,-4.397278746509954
2024,1101203,82,0.6929064087444122,0.6951219512195121,73.67,RO,-4.3793591255587785
2024,2807204,71,0.4807823830308624,0.5352112676056338,52.43,SE,-4.351761696913762
2024,2802106,540,0.36539324654218364,0.31296296296296294,40.81,SE,-4.27067534578164
2024,3533601,77,0.6689586467999551,0.6493506493506493,71.14,SP,-4.244135320004489
2024,1505304,734,0.3711213924026663,0.31607629427792916,41.32,PA,-4.2078607597333715
2024,3138625,119,0.6341258362468185,0.5966386554621849,67.61,MG,-4.197416375318149
2024,2100154,119,0.6515913028610365,0.6554621848739496,69.35,MA,-4.1908697138963475
2024,3516408,1792,0.5155100167610961,0.4838169642857143,55.69,SP,-4.138998323890391
2024,3128501,33,0.7588128259072096,0.7272727272727273,80.0,MG,-4.118717409279043
2024,5000906,145,0.5426585592769367,0.5655172413793104,58.37,MS,-4.104144072306326
2024,1508407,599,0.5074593569728545,0.49248747913188645,54.82,PA,-4.074064302714554
2024,1506708,561,0.5469624124901274,0.5882352941176471,58.75,PA,-4.053758750987257
2024,2803906,128,0.3705752749905611,0.375,41.11,SE,-4.052472500943892
2024,1504059,367,0.47037583880670497,0.4713896457765668,51.07,PA,-4.032416119329504
2024,2201919,37,0.7597491873453813,0.7567567567567568,80.0,PI,-4.025081265461864
2024,2109239,68,0.7215147573992016,0.75,76.15,MA,-3.998524260079847
2024,3144672,25,0.5094443628995616,0.48,54.93,MG,-3.9855637100438344
2024,3162450,62,0.4309928460201966,0.3387096774193548,47.08,MG,-3.9807153979803402
2024,1600279,539,0.4168168444085274,0.4007421150278293,45.64,AP,-3.958315559147259
2024,4108551,27,0.7604991030129034,0.7407407407407407,80.0,PR,-3.950089698709661
2024,2920403,120,0.41965405953010354,0.4166666666666667,45.86,BA,-3.8945940469896456
2024,2410009,19,0.63329084425846,0.631578947368421,67.21,RN,-3.8809155741539882
2024,3525904,3499,0.6709373964562375,0.705058588168048,70.94,SP,-3.8462603543762413
2024,4126504,133,0.6514106279539439,0.6090225563909775,68.91,PR,-3.7689372046056064
2024,4204202,2707,0.5642569808360153,0.592168452161064,60.17,SC,-3.744301916398477
2024,3302601,429,0.4913089106420887,0.4172494172494173,52.84,RJ,-3.7091089357911358
2024,1505437,425,0.5012295073088054,0.5341176470588235,53.81,PA,-3.6870492691194556
2024,1715150,24,0.6932532413117539,0.7083333333333334,72.98,TO,-3.6546758688246115
2024,3113701,139,0.5673509708775474,0.5611510791366906,60.36,MG,-3.624902912245261
2024,4315503,117,0.4745336015363809,0.4444444444444444,51.07,RS,-3.616639846361906
2024,3120805,137,0.7643419355773144,0.7591240875912408,80.0,MG,-3.5658064422685527
2024,3140209,42,0.6429363192774484,0.6190476190476191,67.84,MG,-3.546368072255163
2024,2410405,96,0.39096377932697207,0.3333333333333333,42.59,RN,-3.4936220673027947
2024,1702158,63,0.40746379732376115,0.38095238095238093,44.23,TO,-3.483620267623884
2024,2801009,125,0.4215014140924205,0.352,45.54,SE,-3.389858590757953
2024,2614709,96,0.4806443896846539,0.4479166666666667,51.45,PE,-3.385561031534614
2024,4215455,157,0.6760788311921291,0.49044585987261147,70.98,SC,-3.3721168807870896
2024,2929750,76,0.4572521227443808,0.5263157894736842,49.07,BA,-3.344787725561922
2024,2210102,40,0.733194203575995,0.75,76.6,PI,-3.2805796424004967
2024,2210953,43,0.6728283978850829,0.6511627906976745,70.55,PI,-3.2671602114917135
2024,1302306,360,0.40015131496210243,0.36666666666666664,43.26,AM,-3.2448685037897533
2024,4109708,336,0.7077561021487238,0.7142857142857143,73.99,PR,-3.214389785127622
2024,5203906,109,0.6762805744483448,0.6513761467889908,70.78,GO,-3.151942555165519
2024,2914406,269,0.42119237797482545,0.4423791821561338,45.26,BA,-3.1407622025174504
2024,5208707,8859,0.6567922959704129,0.6955638333897731,68.74,GO,-3.0607704029587097
2024,4315552,24,0.769578497826909,0.7916666666666666,80.0,RS,-3.0421502173091
2024,4108304,3084,0.7107491110106003,0.7230869001297017,74.1,PR,-3.0250888989399556
2024,3551306,34,0.7700257888595807,0.7647058823529411,80.0,SP,-2.997421114041927
2024,4114005,133,0.7703057105340854,0.7518796992481203,80.0,PR,-2.9694289465914636
2024,2906501,510,0.3665451103065615,0.36666666666666664,39.6,BA,-2.945488969343849
2024,2102101,272,0.5233618837979378,0.5808823529411765,55.2,MA,-2.8638116202062207
2024,4121505,193,0.771391732252447,0.772020725388601,80.0,PR,-2.86082677475531
2024,4219408,44,0.7711696610541506,0.7727272727272727,79.97,SC,-2.8530338945849394
2024,3551702,1386,0.5523482577959276,0.5440115440115441,58.07,SP,-2.8351742204072465
2024,4317103,682,0.5190574704501352,0.4750733137829912,54.72,RS,-2.814252954986479
2024,4127858,128,0.7666554816782497,0.75,79.46,PR,-2.794451832175028
2024,2105708,410,0.7724165173105023,0.7975609756097561,80.0,MA,-2.7583482689497743
2024,3541000,3854,0.5279733750864832,0.5111572392319668,55.55,SP,-2.7526624913516713
2024,4104303,1062,0.7527720409279651,0.7721280602636534,77.95,PR,-2.6727959072034935
2024,3133303,180,0.5200221666503793,0.5388888888888889,54.67,MG,-2.667783334962074
2024,2918100,193,0.315751499903735,0.29533678756476683,34.24,BA,-2.664850009626498
2024,2910800,3528,0.3629629384034013,0.33191609977324266,38.95,BA,-2.653706159659869
2024,2100501,156,0.49532143993458744,0.5256410256410257,52.17,MA,-2.6378560065412557
2024,3156502,37,0.7737708286754532,0.7567567567567568,80.0,MG,-2.622917132454674
2024,2929206,342,0.3450655264243165,0.2573099415204678,37.11,BA,-2.603447357568349
2024,4107900,167,0.7432857288080682,0.7425149700598802,76.93,PR,-2.6014271191931897
2024,2203255,41,0.3698417205397631,0.2682926829268293,39.57,PI,-2.5858279460236915
2024,2209450,23,0.7742124236810741,0.782608695652174,80.0,PI,-2.5787576318925858
2024,3526506,35,0.6245746046716554,0.6,64.99,SP,-2.5325395328344555
2024,3509205,967,0.5321497479720978,0.5305067218200621,55.71,SP,-2.4950252027902238
2024,2702553,137,0.38890974030477615,0.36496350364963503,41.35,AL,-2.4590259695223864
2024,3121258,110,0.5332398130850765,0.4727272727272727,55.77,MG,-2.4460186914923554
2024,3511409,236,0.473516927790463,0.4025423728813559,49.79,SP,-2.4383072209536962
2024,2102408,68,0.6587252613777477,0.6323529411764706,68.3,MA,-2.427473862225227
2024,4107751,92,0.7775809811089317,0.7717391304347826,80.0,PR,-2.2419018891068276
2024,2918407,2494,0.35977686238648104,0.29310344827586204,38.21,BA,-2.2323137613518966
2024,4113809,32,0.7782140235830455,0.78125,80.0,PR,-2.178597641695447
2024,1301001,340,0.5052150522915818,0.5941176470588235,52.7,AM,-2.178494770841823
2024,4211207,264,0.677856235626786,0.6931818181818182,69.95,SC,-2.1643764373214083
2024,3500600,42,0.7784307376039162,0.8095238095238095,80.0,SP,-2.1569262396083815
2024,4201208,170,0.732279794552431,0.7352941176470589,75.32,SC,-2.092020544756892
2024,2702900,395,0.40373179580357604,0.39746835443037976,42.43,AL,-2.056820419642392
2024,2604502,245,0.5739680570446749,0.5836734693877551,59.42,PE,-2.0231942955325124
2024,2915205,190,0.41531623207765395,0.4421052631578947,43.51,BA,-1.9783767922346058
2024,3539103,260,0.4737407030834617,0.4115384615384615,49.33,SP,-1.9559296916538287
2024,2802205,87,0.347520633952231,0.25287356321839083,36.69,SE,-1.937936604776901
2024,3304524,1585,0.6621081891523082,0.6889589905362776,68.13,RJ,-1.9191810847691784
2024,3160207,29,0.5043043469250337,0.4482758620689655,52.34,MG,-1.909565307496635
2024,3510500,1504,0.5674609406540729,0.5824468085106383,58.59,SP,-1.843905934592712
2024,3539400,102,0.5217666259218224,0.4411764705882353,54.01,SP,-1.8333374078177513
2024,3300233,634,0.6749068064175128,0.6861198738170347,69.27,RJ,-1.7793193582487135
2024,3304144,1260,0.4282357456722798,0.38095238095238093,44.56,RJ,-1.7364254327720232
2024,3514403,327,0.6418988383410081,0.6269113149847095,65.9,SP,-1.7101161658991941
2024,2610509,201,0.7396273517850673,0.7611940298507462,75.67,PE,-1.7072648214932684
2024,5106802,80,0.745500315988276,0.75,76.25,MT,-1.6999684011723986
2024,3527256,18,0.73267265120476,0.7222222222222222,74.94,SP,-1.6727348795240005
2024,2203909,526,0.5265912726294132,0.5361216730038023,54.22,PI,-1.5608727370586806
2024,4128203,542,0.7415447134046492,0.7361623616236163,75.71,PR,-1.5555286595350708
2024,2607802,78,0.5198027889732391,0.5769230769230769,53.48,PE,-1.4997211026760908
2024,3202603,134,0.7539739673677661,0.7611940298507462,76.89,ES,-1.492603263223387
2024,3301009,3954,0.43700506657721483,0.39580171977744055,45.1,RJ,-1.399493342278518
2024,3510302,284,0.5142855084667398,0.4753521126760563,52.82,SP,-1.3914491533260218
2024,4105607,155,0.6585007732464397,0.632258064516129,67.22,PR,-1.3699226753560225
2024,4205209,49,0.5902457367892616,0.5918367346938775,60.39,SC,-1.3654263210738407
2024,2931202,141,0.438997322765096,0.475177304964539,45.23,BA,-1.330267723490394
2024,3502754,226,0.5375569276064848,0.5442477876106194,55.05,SP,-1.294307239351518
2024,2606408,447,0.46996651618396634,0.42953020134228187,48.26,PE,-1.2633483816033646
2024,2207405,36,0.7103939904200866,0.7222222222222222,72.28,PI,-1.2406009579913473
2024,2602001,289,0.4961602884956279,0.47750865051903113,50.85,PE,-1.2339711504372133
2024,2605806,97,0.6874484523501943,0.711340206185567,69.96,PE,-1.2151547649805678
2024,3300209,1329,0.5444842612533489,0.5598194130925508,55.66,RJ,-1.2115738746651061
2024,3553500,103,0.5685841085483962,0.5728155339805825,58.05,SP,-1.1915891451603713
2024,1100403,171,0.6339037375592667,0.6023391812865497,64.58,RO,-1.189626244073331
2024,3555406,972,0.46255381838557247,0.3683127572016461,47.43,SP,-1.1746181614427513
2024,4315008,32,0.7760777665897467,0.84375,78.78,RS,-1.1722233410253295
2024,4202404,2788,0.653794774778561,0.6477761836441894,66.53,SC,-1.150522522143902
2024,2110005,694,0.5753386848631579,0.5951008645533141,58.67,MA,-1.1361315136842123
2024,3540705,460,0.5286855342604412,0.5043478260869565,54.0,SP,-1.131446573955884
2024,3116506,64,0.705126177356875,0.6875,71.63,MG,-1.1173822643124964
2024,4107207,530,0.7888267748724307,0.8264150943396227,80.0,PR,-1.1173225127569282
2024,3514304,79,0.7174737577681356,0.7215189873417721,72.84,SP,-1.0926242231864478
2024,3552304,65,0.5536604459438832,0.5692307692307692,56.44,SP,-1.0739554056116773
2024,1705508,442,0.5473756442537967,0.5588235294117647,55.79,TO,-1.0524355746203256
2024,2919207,1280,0.356901171997856,0.2875,36.74,BA,-1.0498828002144052
2024,3505104,74,0.6625297630144179,0.6486486486486487,67.3,SP,-1.0470236985582062
2024,1504703,769,0.38067204573465047,0.3420026007802341,39.09,PA,-1.0227954265349553
2024,3142205,94,0.7897941487090037,0.7872340425531915,80.0,MG,-1.0205851290996293
2024,4124400,244,0.7857651263903916,0.8155737704918032,79.58,PR,-1.0034873609608326
2024,1502855,172,0.43121414241279615,0.42441860465116277,44.07,PA,-0.9485857587203839
2024,2503209,565,0.5308373672331919,0.5752212389380531,54.02,PB,-0.936263276680819
2024,2928000,199,0.3139702444402956,0.2914572864321608,32.3,BA,-0.9029755559704391
2024,5213103,919,0.7921269193061464,0.8411316648531012,80.0,GO,-0.7873080693853609
2024,1720101,76,0.4901830680428226,0.5263157894736842,49.76,TO,-0.7416931957177368
2024,2920007,86,0.3619923480875228,0.32558139534883723,36.93,BA,-0.7307651912477198
2024,4110805,153,0.7931081491503115,0.803921568627451,80.0,PR,-0.6891850849688552
2024,3548104,69,0.7212164185331267,0.7246376811594203,72.81,SP,-0.6883581466873352
2024,2312601,111,0.7936375692030374,0.6576576576576577,80.0,CE,-0.636243079696257
2024,5102603,131,0.44557435849713306,0.4351145038167939,45.19,MT,-0.6325641502866901
2024,1721109,51,0.4826338687505614,0.5098039215686274,48.88,TO,-0.6166131249438607
2024,4202800,390,0.6323097220279003,0.5923076923076923,63.84,SC,-0.6090277972099756
2024,3122504,46,0.7493245415036968,0.7391304347826086,75.54,MG,-0.607545849630327
2024,5206206,848,0.6928837459339546,0.6922169811320755,69.87,GO,-0.5816254066045445
2024,3117702,129,0.7943987696097718,0.7829457364341085,80.0,MG,-0.5601230390228125
2024,3141306,42,0.7945280820680958,0.7857142857142857,80.0,MG,-0.5471917931904215
2024,3305901,61,0.7710769797164965,0.7868852459016393,77.65,RJ,-0.5423020283503632
2024,2609808,116,0.509283286494069,0.5086206896551724,51.44,PE,-0.5116713505931045
2024,1301209,932,0.4466468823346004,0.40772532188841204,45.17,AM,-0.5053117665399611
2024,1720903,173,0.44264594348998915,0.42196531791907516,44.76,TO,-0.4954056510010858
2024,3509304,96,0.639280620968399,0.6041666666666666,64.32,SP,-0.39193790316009114
2024,3545001,198,0.6679801087277112,0.6515151515151515,67.15,SP,-0.3519891272288902
2024,3521804,282,0.5238345577171069,0.4716312056737589,52.73,SP,-0.34654422828931075
2024,4313003,18,0.7736408703628566,0.9444444444444444,77.71,RS,-0.34591296371434055
2024,2507507,5447,0.5179439931428753,0.5581053791077657,52.13,PB,-0.33560068571247115
2024,3204252,85,0.7967024041217184,0.8,80.0,ES,-0.32975958782814985
2024,3201506,1112,0.7439039157243998,0.783273381294964,74.72,ES,-0.32960842756001796
2024,2110039,243,0.7970245993269737,0.8600823045267489,80.0,MA,-0.29754006730263427
2024,2505204,57,0.36093613610849756,0.24561403508771928,36.38,PB,-0.2863863891502447
2024,4202503,49,0.46540469945632656,0.3469387755102041,46.82,SC,-0.279530054367342
2024,1502152,1402,0.6478747475579341,0.6533523537803139,65.05,PA,-0.26252524420658574
2024,1507201,184,0.3764305982782906,0.32608695652173914,37.87,PA,-0.22694017217093432
2024,3142403,90,0.797873915723959,0.8222222222222222,80.0,MG,-0.2126084276040956
2024,3527504,28,0.7546238980856698,0.75,75.65,SP,-0.1876101914330235
2024,3203353,124,0.7856619044881559,0.782258064516129,78.73,ES,-0.1638095511844142
2024,3534401,6666,0.5131567389705729,0.49174917491749176,51.47,SP,-0.15432610294271143
2024,3159902,161,0.7984937591117335,0.8074534161490683,80.0,MG,-0.15062408882664613
2024,4124509,86,0.7990133816022505,0.8023255813953488,80.0,PR,-0.09866183977494813
2024,4200754,27,0.7992476044397852,0.8518518518518519,80.0,SC,-0.07523955602148646
2024,3544806,69,0.6986117322281706,0.6811594202898551,69.91,SP,-0.048826777182938486
2024,5222203,61,0.7996148254413603,0.7868852459016393,80.0,GO,-0.0385174558639676
2024,5106158,191,0.7430384024606642,0.7853403141361257,74.34,MT,-0.036159753933588945
2024,3204906,1514,0.6922390191208241,0.7060766182298547,69.26,ES,-0.03609808791759406
2024,2701902,56,0.4965289288493899,0.5178571428571429,49.65,AL,0.0028928849389870948
2024,2912400,160,0.3694621167729236,0.36875,36.9,BA,0.0462116772923622
2024,5218805,2546,0.8007784355991484,0.882560879811469,80.0,GO,0.07784355991483949
2024,2208106,68,0.6387788229084034,0.6176470588235294,63.73,PI,0.147882290840343
2024,4214201,118,0.6936766287727758,0.6949152542372882,69.21,SC,0.15766287727758765
2024,4319364,10,0.8015858654459069,0.9,80.0,RS,0.15858654459069044
2024,3303005,231,0.697723440577228,0.696969696969697,69.57,RJ,0.2023440577228115
2024,3519907,82,0.5665113639564203,0.5365853658536586,56.43,SP,0.22113639564203424
2024,5208301,73,0.8014161665497274,0.8082191780821918,79.92,GO,0.22161665497273475
2024,2912608,32,0.2749650612960548,0.15625,27.17,BA,0.32650612960547676
2024,5216908,26,0.8035333997006846,0.8076923076923077,80.0,GO,0.3533399700684612
2024,5102850,81,0.6631586698517036,0.654320987654321,65.88,MT,0.4358669851703638
2024,3161056,33,0.7046633990970591,0.6666666666666666,70.01,MG,0.4563399097059033
2024,2904902,242,0.325321860847759,0.3305785123966942,32.07,BA,0.46218608477590095
2024,1506203,525,0.49609805392563494,0.5085714285714286,49.14,PA,0.46980539256349374
2024,3110509,289,0.5932877586614683,0.5951557093425606,58.85,MG,0.4787758661468331
2024,3153400,152,0.78262303810069,0.7763157894736842,77.76,MG,0.5023038100689945
2024,3120870,102,0.7992641425749237,0.803921568627451,79.36,MG,0.5664142574923687
2024,3518701,3023,0.5399947443717852,0.48891829308633805,53.43,SP,0.5694744371785205
2024,4126306,226,0.8065452177294351,0.8230088495575221,80.0,PR,0.6545217729435109
2024,2611804,221,0.6530259112749423,0.6606334841628959,64.61,PE,0.6925911274942251
2024,4123204,35,0.8069811652706795,0.8,80.0,PR,0.6981165270679526
2024,3140605,44,0.4441220664418017,0.2727272727272727,43.68,MG,0.7322066441801667
2024,5000856,201,0.8073265008625717,0.845771144278607,80.0,MS,0.7326500862571805
2024,1501006,106,0.6177336006445009,0.6415094339622641,61.01,PA,0.7633600644500902
2024,3151404,269,0.8082371466051967,0.7881040892193308,80.0,MG,0.8237146605196699
2024,4313375,357,0.6189118854252104,0.6470588235294118,61.05,RS,0.8411885425210386
2024,4313706,281,0.5471225105417302,0.5302491103202847,53.85,RS,0.8622510541730222
2024,3556305,269,0.678536753579778,0.7063197026022305,66.97,SP,0.8836753579778076
2024,3532702,57,0.8092778513896083,0.8070175438596491,80.0,SP,0.9277851389608287
2024,4127809,67,0.8092959950737773,0.835820895522388,80.0,PR,0.9295995073777306
2024,5106232,240,0.5653349671325997,0.575,55.56,MT,0.9734967132599621
2024,5103957,49,0.8097477837617939,0.8367346938775511,80.0,MT,0.9747783761793869
2024,5211800,461,0.8106413182529657,0.841648590021692,80.0,GO,1.0641318252965704
2024,2614857,261,0.5167443496046386,0.5593869731800766,50.56,PE,1.1144349604638535
2024,3304151,262,0.6961039044260198,0.7061068702290076,68.46,RJ,1.1503904426019886
2024,3528601,112,0.6628287445943856,0.6517857142857143,65.13,SP,1.1528744594385643
2024,4114500,122,0.7084657018976577,0.7213114754098361,69.69,PR,1.1565701897657732
2024,1303536,450,0.4215878657045837,0.3377777777777778,41.0,AM,1.1587865704583677
2024,4110508,196,0.8116578997735936,0.826530612244898,80.0,PR,1.1657899773593527
2024,2103000,1394,0.5074888387934254,0.554519368723099,49.57,MA,1.1788838793425427
2024,2904704,140,0.32706455072610585,0.2857142857142857,31.49,BA,1.2164550726105894
2024,5204854,129,0.8126875168314585,0.8527131782945736,80.0,GO,1.268751683145851
2024,4110706,677,0.8128204223262238,0.8818316100443131,80.0,PR,1.2820422326223735
2024,5211909,1148,0.6792623097721683,0.7012195121951219,66.63,GO,1.2962309772168368
2024,2200301,84,0.8130859303498086,0.8214285714285714,80.0,PI,1.3085930349808592
2024,4201653,26,0.7769459083054687,0.7692307692307693,76.36,SC,1.3345908305468726
2024,3550902,83,0.6699717952603347,0.6746987951807228,65.66,SP,1.3371795260334665
2024,2924108,30,0.2922497275290015,0.13333333333333333,27.85,BA,1.3749727529001525
2024,5211305,72,0.7859419920063115,0.8333333333333334,77.21,GO,1.3841992006311585
2024,2205565,81,0.6112576515180029,0.5925925925925926,59.71,PI,1.4157651518002936
2024,2605400,219,0.8141907463493542,0.8356164383561644,80.0,PE,1.4190746349354129
2024,2932309,105,0.3988354010517312,0.41904761904761906,38.45,BA,1.4335401051731154
2024,5213806,461,0.6666007112876831,0.6594360086767896,65.2,GO,1.4600711287683055
2024,5003306,467,0.4746043566146661,0.3961456102783726,45.99,MS,1.4704356614666096
2024,1600535,337,0.6909995244029249,0.685459940652819,67.62,AP,1.4799524402924789
2024,3131406,38,0.7741277978302825,0.7631578947368421,75.9,MG,1.5127797830282503
2024,3300407,1314,0.6416778551075062,0.6423135464231354,62.64,RJ,1.5277855107506184
2024,2512002,218,0.4971494344011842,0.5458715596330275,48.17,PB,1.5449434401184163
2024,3539509,339,0.672639607867264,0.672566371681416,65.71,SP,1.5539607867264067
2024,3524402,2047,0.5269645872193663,0.5192965315095261,51.14,SP,1.556458721936636
2024,2923035,82,0.6535735977402354,0.7317073170731707,63.79,BA,1.5673597740235365
2024,2512309,193,0.8157044964946831,0.8652849740932642,80.0,PB,1.5704496494683156
2024,3550506,84,0.7254439444725702,0.7142857142857143,70.94,SP,1.6043944472570217
2024,3543105,59,0.7477683192308533,0.7457627118644068,73.16,SP,1.6168319230853285
2024,3546900,93,0.7057942031918969,0.7096774193548387,68.96,SP,1.6194203191897003
2024,2605103,366,0.816841560059768,0.8469945355191257,80.0,PE,1.6841560059768028
2024,1502939,510,0.6446077191975398,0.6941176470588235,62.75,PA,1.7107719197539808
2024,2704609,111,0.723526838661502,0.7477477477477478,70.6,AL,1.7526838661502069
2024,3159506,44,0.8178927521774914,0.8409090909090909,80.0,MG,1.789275217749136
2024,2902302,80,0.5494436829864573,0.6,53.15,BA,1.794368298645729
2024,5221858,2096,0.6235699786008232,0.642175572519084,60.56,GO,1.796997860082314
2024,3139805,156,0.6081194301073857,0.6858974358974359,59.0,MG,1.8119430107385668
2024,4206108,78,0.694400643321416,0.7051282051282052,67.57,SC,1.8700643321416095
2024,1709807,14,0.3633305788223285,0.21428571428571427,34.46,TO,1.8730578822328496
2024,3113305,258,0.5763348631086757,0.624031007751938,55.64,MG,1.9934863108675671
2024,3555505,66,0.5591824863148779,0.5606060606060606,53.91,SP,2.0082486314877883
2024,3136108,27,0.820383668713452,0.8518518518518519,80.0,MG,2.038366871345204
2024,4111605,29,0.8103061690424215,0.8620689655172413,78.99,PR,2.0406169042421567
2024,4103800,91,0.8206143877729579,0.8351648351648352,80.0,PR,2.061438777295791
2024,3125507,29,0.8206146154816296,0.8275862068965517,80.0,MG,2.061461548162967
2024,4210407,99,0.6413335408942111,0.6161616161616161,62.07,SC,2.063354089421118
2024,3526407,271,0.6056228378864777,0.5977859778597786,58.49,SP,2.0722837886477734
2024,5209200,213,0.6886818500623548,0.704225352112676,66.78,GO,2.088185006235477
2024,2930774,302,0.35766261475831435,0.3443708609271523,33.65,BA,2.116261475831436
2024,5211701,61,0.7974603304441956,0.8032786885245902,77.61,GO,2.1360330444195625
2024,4201273,55,0.816270466655835,0.9636363636363636,79.48,SC,2.1470466655835025
2024,5004700,378,0.6696934103784834,0.6878306878306878,64.82,MS,2.1493410378483446
2024,4208401,231,0.750882152217807,0.8225108225108225,72.9,SC,2.1882152217806947
2024,4106803,183,0.8219465982988088,0.8469945355191257,80.0,PR,2.1946598298808766
2024,2913457,55,0.39586270919811994,0.43636363636363634,37.38,BA,2.206270919811992
2024,3301876,305,0.6755252394799689,0.6950819672131148,65.34,RJ,2.2125239479968855
2024,3148608,110,0.6940002086495007,0.7454545454545455,67.16,MG,2.2400208649500826
2024,3157005,392,0.7638092681034883,0.7704081632653061,74.1,MG,2.2809268103488307
2024,1500701,339,0.3630225678646415,0.3421828908554572,34.01,PA,2.2922567864641508
2024,4307054,17,0.672238827168217,0.6470588235294118,64.9,RS,2.3238827168217
2024,3545605,120,0.6622447533156454,0.6416666666666667,63.89,SP,2.3344753315645335
2024,5106505,371,0.4078994312847318,0.38544474393531,38.45,MT,2.3399431284731733
2024,3501608,1516,0.6447256100030408,0.649736147757256,62.11,SP,2.3625610003040833
2024,1720655,75,0.43898832028893525,0.36,41.52,TO,2.3788320288935196
2024,4212601,24,0.8242930681773308,0.875,80.0,SC,2.429306817733078
2024,4120853,68,0.8243921822662298,0.8970588235294118,80.0,PR,2.439218226622984
2024,3130606,49,0.8244438185204072,0.8571428571428571,80.0,MG,2.4443818520407206
2024,1600501,384,0.3576079264753764,0.21354166666666666,33.3,AP,2.4607926475376445
2024,4107405,66,0.8247659797534219,0.8636363636363636,80.0,PR,2.4765979753421874
2024,3161700,58,0.8248617270882987,0.8275862068965517,80.0,MG,2.4861727088298693
2024,3136900,122,0.8121132707495547,0.8278688524590164,78.72,MG,2.4913270749554783
2024,3520103,209,0.5504088702907617,0.5598086124401914,52.47,SP,2.570887029076168
2024,5210000,506,0.825897351064316,0.8754940711462451,80.0,GO,2.589735106431604
2024,3140530,93,0.7966297039475758,0.8387096774193549,77.07,MG,2.592970394757586
2024,2507606,50,0.3859370500341254,0.34,36.0,PB,2.5937050034125377
2024,2927101,162,0.3311681871095625,0.2839506172839506,30.48,BA,2.636818710956245
2024,2616183,81,0.8269795033534763,0.8271604938271605,80.0,PE,2.6979503353476275
2024,3151107,95,0.6822959916884728,0.6631578947368421,65.52,MG,2.7095991688472765
2024,5202353,31,0.827416002672134,0.8387096774193549,80.0,GO,2.7416002672134
2024,4213351,47,0.6945094956854961,0.7021276595744681,66.7,SC,2.750949568549615
2024,2614303,104,0.5270357835832652,0.5673076923076923,49.94,PE,2.7635783583265194
2024,4119657,35,0.8276858158136348,0.8285714285714286,80.0,PR,2.7685815813634775
2024,4214508,57,0.7273049152545514,0.8070175438596491,69.94,SC,2.7904915254551383
2024,4123824,42,0.8236796188546277,0.8571428571428571,79.57,PR,2.797961885462783
2024,4108205,67,0.8281160028415462,0.8507462686567164,80.0,PR,2.811600284154622
2024,4106571,38,0.8286949614286047,0.868421052631579,80.0,PR,2.86949614286047
2024,3506102,567,0.5669120831538318,0.5537918871252204,53.82,SP,2.8712083153831784
2024,4205456,405,0.6515195773761444,0.6320987654320988,62.24,SC,2.9119577376144363
2024,5205000,92,0.8193299010501316,0.8586956521739131,79.02,GO,2.912990105013165
2024,4201257,93,0.6926340776271708,0.7096774193548387,66.35,SC,2.9134077627170853
2024,4125753,68,0.7846672404656873,0.8088235294117647,75.54,PR,2.9267240465687223
2024,5005400,648,0.497502046287367,0.4722222222222222,46.82,MS,2.9302046287366963
2024,2608305,234,0.6688932935464388,0.688034188034188,63.87,PE,3.0193293546438795
2024,2102903,288,0.6267262035706027,0.6215277777777778,59.63,MA,3.0426203570602652
2024,1703206,56,0.6034493188989366,0.5892857142857143,57.3,TO,3.044931889893661
2024,4304671,36,0.5047129729644437,0.4444444444444444,47.38,RS,3.091297296444374
2024,5221908,46,0.8311120075994158,0.8478260869565217,80.0,GO,3.111200759941582
2024,3527603,123,0.5080332530587319,0.43089430894308944,47.62,SP,3.183325305873197
2024,2801207,462,0.3307688204495844,0.2683982683982684,29.89,SE,3.1868820449584376
2024,4106308,229,0.7864110252354373,0.851528384279476,75.44,PR,3.2011025235437245
2024,4111100,63,0.8320445769643473,0.873015873015873,80.0,PR,3.20445769643473
2024,2205151,51,0.8324155538895331,0.8431372549019608,80.0,PI,3.2415553889533157
2024,3548401,62,0.7808788684428375,0.7741935483870968,74.82,SP,3.267886844283751
2024,3100807,46,0.8328783903956242,0.8913043478260869,80.0,MG,3.2878390395624137
2024,1505700,296,0.4840232831160474,0.5844594594594594,45.11,PA,3.2923283116047415
2024,2701308,233,0.372475679843826,0.33905579399141633,33.95,AL,3.297567984382596
2024,4123402,127,0.6552152142948807,0.6535433070866141,62.22,PR,3.3015214294880764
2024,3523305,201,0.6796109684186562,0.6417910447761194,64.65,SP,3.31109684186562
2024,4103008,54,0.8335353990631673,0.9259259259259259,80.0,PR,3.353539906316726
2024,3131307,1931,0.7054732935275103,0.7622993267736924,67.17,MG,3.3773293527510333
2024,4208609,40,0.7825847957695626,0.775,74.82,SC,3.4384795769562686
2024,4107108,56,0.7751980868522432,0.7857142857142857,74.08,PR,3.439808685224321
2024,2103604,553,0.5102988390868395,0.5587703435804702,47.59,MA,3.439883908683946
2024,3132800,12,0.8159805792120287,0.8333333333333334,78.11,MG,3.4880579212028664
2024,2107357,164,0.644652961431446,0.6341463414634146,60.95,MA,3.515296143144596
2024,2101350,18,0.835184974980216,1.0,80.0,MA,3.5184974980216026
2024,5213509,64,0.7837021566324414,0.8125,74.82,GO,3.5502156632441455
2024,3161502,106,0.8356996851498103,0.8773584905660378,80.0,MG,3.569968514981028
2024,1100254,202,0.6888102538883766,0.6831683168316832,65.31,RO,3.571025388837654
2024,2603900,252,0.8359141921435821,0.9246031746031746,80.0,PE,3.5914192143582113
2024,4118808,156,0.7475945260661634,0.7435897435897436,71.16,PR,3.599452606616339
2024,3541406,1708,0.6202839800343513,0.6118266978922716,58.37,SP,3.6583980034351313
2024,5008305,1634,0.7514596633287789,0.8298653610771114,71.48,MS,3.665966332877886
2024,2805307,100,0.36709654955543214,0.39,33.03,SE,3.6796549555432136
2024,3537909,316,0.642736431497059,0.6329113924050633,60.55,SP,3.723643149705893
2024,3541604,273,0.7313571094160325,0.7326007326007326,69.41,SP,3.7257109416032534
2024,3516200,3344,0.6520350622489725,0.7111244019138756,61.42,SP,3.7835062248972378
2024,3105400,335,0.6607728469168646,0.6447761194029851,62.28,MG,3.797284691686457
2024,5219704,79,0.8382099207605863,0.8860759493670886,80.0,GO,3.82099207605863
2024,1600600,1709,0.5164880144632708,0.5318899941486249,47.82,AP,3.828801446327077
2024,2401206,149,0.3583122923843529,0.31543624161073824,31.97,RN,3.8612292384352926
2024,3134202,894,0.6965484672359177,0.6387024608501118,65.79,MG,3.864846723591768
2024,5201702,223,0.7014028243885823,0.7219730941704036,66.26,GO,3.8802824388582167
2024,3504909,70,0.5694916954541488,0.6,53.04,SP,3.9091695454148834
2024,2922904,242,0.3323906758761549,0.3140495867768595,29.32,BA,3.919067587615487
2024,3548302,28,0.8392409686835173,1.0,80.0,SP,3.924096868351725
2024,1501204,261,0.38653005811649266,0.39080459770114945,34.71,PA,3.9430058116492646
2024,1507474,222,0.41013336355079694,0.40540540540540543,36.94,PA,4.073336355079697
2024,3201001,195,0.8128199097821965,0.8564102564102564,77.19,ES,4.0919909782196555
2024,3556453,545,0.6412586669529443,0.6440366972477064,60.02,SP,4.105866695294431
2024,4104055,47,0.7808928784291703,0.7872340425531915,73.98,PR,4.109287842917027
2024,2209708,65,0.6587291918046307,0.6461538461538462,61.76,PI,4.112919180463074
2024,3538006,1412,0.6285420542205113,0.6402266288951841,58.74,SP,4.1142054220511355
2024,2205540,34,0.8412011436375504,0.8823529411764706,80.0,PI,4.120114363755036
2024,2108504,399,0.5124736865890978,0.5037593984962406,47.1,MA,4.147368658909777
2024,4306056,65,0.7268881625018099,0.6307692307692307,68.53,RS,4.15881625018099
2024,3517802,36,0.6278909731547029,0.6111111111111112,58.6,SP,4.189097315470285
2024,3110400,30,0.8420401535020007,0.8666666666666667,80.0,MG,4.204015350200066
2024,3545209,1303,0.6437409161405034,0.6784343821949348,60.17,SP,4.204091614050341
2024,2301505,50,0.7882579011745133,0.76,74.62,CE,4.205790117451329
2024,2300150,168,0.8261771012162151,0.8095238095238095,78.41,CE,4.207710121621517
2024,3540754,197,0.5123237280343578,0.4720812182741117,47.02,SP,4.212372803435777
2024,2613008,549,0.6411921244878175,0.6429872495446266,59.89,PE,4.229212448781752
2024,3103306,23,0.8425086904229268,0.8695652173913043,80.0,MG,4.250869042292678
2024,5107040,1060,0.5853251217440235,0.5962264150943396,54.21,MT,4.322512174402348
2024,2514909,60,0.48506693154513786,0.48333333333333334,44.17,PB,4.336693154513782
2024,4122800,58,0.8440944948951412,0.9310344827586207,80.0,PR,4.409449489514117
2024,1507003,331,0.3739567672753641,0.31722054380664655,32.94,PA,4.455676727536414
2024,5218904,206,0.8239381039374071,0.8786407766990292,77.9,GO,4.493810393740702
2024,5214606,327,0.7846720261055822,0.8012232415902141,73.95,GO,4.517202610558215
2024,3554409,73,0.7385252319950842,0.7397260273972602,69.28,SP,4.572523199508424
2024,3548005,213,0.6312677919448935,0.6150234741784038,58.55,SP,4.5767791944893474
2024,2111607,254,0.770440572646879,0.8464566929133859,72.44,MA,4.60405726468791
2024,3527801,36,0.6433311435643457,0.6111111111111112,59.68,SP,4.653114356434578
2024,2926103,123,0.3014553852329287,0.23577235772357724,25.46,BA,4.68553852329287
2024,4122651,70,0.7578014370994264,0.7714285714285715,71.09,PR,4.690143709942632
2024,4126405,65,0.8469279966552545,0.9076923076923077,80.0,PR,4.692799665525456
2024,3170800,302,0.6943028170723591,0.7086092715231788,64.73,MG,4.700281707235902
2024,3201308,4438,0.6567695051319689,0.6471383506083822,60.94,ES,4.736950513196888
2024,5006200,654,0.6671409795156488,0.6972477064220184,61.97,MS,4.744097951564882
2024,4100301,140,0.8121418477168415,0.8714285714285714,76.47,PR,4.7441847716841465
2024,5219456,23,0.8475179509949161,0.9565217391304348,80.0,GO,4.751795099491616
2024,5220058,24,0.8475853454582163,0.875,80.0,GO,4.758534545821632
2024,3200508,70,0.6674358992549869,0.6285714285714286,61.98,ES,4.7635899254986995
2024,4127403,185,0.7515501345551303,0.7621621621621621,70.39,PR,4.765013455513028
2024,2702306,787,0.8489532170329933,0.9224904701397713,80.0,AL,4.895321703299331
2024,3502507,321,0.5425503667695634,0.5389408099688473,49.33,SP,4.9250366769563385
2024,2615201,115,0.6992024282029518,0.7130434782608696,64.99,PE,4.930242820295177
2024,3113206,209,0.7807470023755649,0.8229665071770335,73.09,MG,4.9847002375564955
2024,4316402,280,0.470208859702316,0.37142857142857144,41.94,RS,5.080885970231606
2024,2513943,40,0.8508309550832497,1.0,80.0,PB,5.083095508324973
2024,5214879,40,0.8508659744821131,0.95,80.0,GO,5.086597448211307
2024,2906824,156,0.310114078580275,0.30128205128205127,25.86,BA,5.1514078580275005
2024,2612109,51,0.8516329643977678,0.9215686274509803,80.0,PE,5.163296439776786
2024,1703701,63,0.49761869669253495,0.49206349206349204,44.57,TO,5.191869669253492
2024,2616308,223,0.6642392982253331,0.6816143497757847,61.19,PE,5.233929822533312
2024,2514800,21,0.8524819465276746,0.9523809523809523,80.0,PB,5.2481946527674666
2024,2401453,183,0.4423997193653726,0.4426229508196721,38.99,RN,5.249971936537257
2024,2603405,83,0.8052717073079079,0.8674698795180723,75.27,PE,5.25717073079079
2024,1100189,472,0.7663245658926923,0.8177966101694916,71.37,RO,5.26245658926922
2024,5201801,170,0.6442126464685788,0.6294117647058823,59.12,GO,5.301264646857881
2024,2204907,90,0.40337334382030876,0.34444444444444444,35.03,PI,5.307334382030874
2024,2303402,226,0.8532832012649966,0.8407079646017699,80.0,CE,5.328320126499662
2024,2608404,155,0.6324672137320891,0.6064516129032258,57.86,PE,5.386721373208914
2024,3529500,65,0.7696207358417831,0.7846153846153846,71.55,SP,5.412073584178316
2024,3161205,64,0.8427795547551388,0.90625,78.86,MG,5.417955475513878
2024,3533502,357,0.7002268855673262,0.7535014005602241,64.6,SP,5.4226885567326235
2024,3302908,223,0.6661760791520117,0.7040358744394619,61.15,RJ,5.467607915201178
2024,5220157,64,0.8155685798101687,0.859375,76.07,GO,5.4868579810168825
2024,1720200,165,0.3978918800004864,0.3696969696969697,34.18,TO,5.60918800004864
2024,3203304,163,0.8562720203063531,0.950920245398773,80.0,ES,5.627202030635303
2024,2200202,187,0.8565235840351556,0.9197860962566845,80.0,PI,5.652358403515564
2024,3141108,382,0.5846627447012778,0.6308900523560209,52.79,MG,5.67627447012778
2024,2204808,72,0.8570573237397673,0.9583333333333334,80.0,PI,5.70573237397673
2024,3165578,116,0.7747368578470831,0.646551724137931,71.75,MG,5.723685784708309
2024,4219606,30,0.7862718169392905,0.8,72.9,SC,5.72718169392904
2024,2105963,106,0.8573288544137546,0.9716981132075472,80.0,MA,5.732885441375458
2024,2203750,25,0.49010678134489166,0.52,43.27,PI,5.7406781344891655
2024,3513405,452,0.5151158178734713,0.5619469026548672,45.68,SP,5.831581787347126
2024,5221452,37,0.8586445456729266,0.9459459459459459,80.0,GO,5.864454567292654
2024,3504008,869,0.5509675206422584,0.5512082853855006,49.23,SP,5.866752064225842
2024,5213905,37,0.8588552785345331,1.0,80.0,GO,5.885527853453311
2024,3133709,162,0.7947664584622864,0.8024691358024691,73.57,MG,5.906645846228656
2024,3145000,171,0.7944799829883574,0.7894736842105263,73.54,MG,5.907998298835736
2024,3553005,134,0.6811451037256802,0.7238805970149254,62.14,SP,5.9745103725680195
2024,2401404,74,0.3920650148652984,0.35135135135135137,33.22,RN,5.986501486529839
2024,2313807,224,0.8600247878275317,0.8214285714285714,80.0,CE,6.0024787827531725
2024,1713304,132,0.63140155602397,0.6363636363636364,57.09,TO,6.050155602396991
2024,4312708,136,0.5424842897389661,0.4485294117647059,48.14,RS,6.108428973896608
2024,4209706,138,0.5315255430623624,0.5942028985507246,47.04,SC,6.112554306236241
2024,3145851,40,0.8094396408610983,0.825,74.81,MG,6.1339640861098275
2024,3202504,116,0.7584528507506512,0.8103448275862069,69.69,ES,6.155285075065123
2024,2608750,344,0.650865802884374,0.6773255813953488,58.93,PE,6.156580288437404
2024,4201901,64,0.716654419843755,0.765625,65.45,SC,6.215441984375502
2024,3518800,13136,0.5198855003464672,0.4996954933008526,45.75,SP,6.238550034646721
2024,2202091,22,0.8624543152923863,1.0,80.0,PI,6.24543152923863
2024,5215256,57,0.8627810560240533,0.9298245614035088,80.0,GO,6.278105602405333
2024,1706506,82,0.44530693533974663,0.45121951219512196,38.24,TO,6.290693533974661
2024,2105807,68,0.8630753850876358,0.9705882352941176,80.0,MA,6.307538508763585
2024,4205803,230,0.652620569143881,0.6739130434782609,58.9,SC,6.3620569143880985
2024,5002308,181,0.6279311882349069,0.6132596685082873,56.39,MS,6.403118823490686
2024,4215109,120,0.672941268234127,0.6833333333333333,60.87,SC,6.424126823412699
2024,2313104,253,0.864618490992408,0.841897233201581,80.0,CE,6.461849099240794
2024,2302206,676,0.8487792682328293,0.8165680473372781,78.39,CE,6.487926823282933
2024,1302207,137,0.5333361544236902,0.5109489051094891,46.8,AM,6.533615442369026
2024,5216304,102,0.8653617882710547,0.9705882352941176,80.0,GO,6.5361788271054735
2024,3163300,42,0.5751143631192497,0.6428571428571429,50.96,MG,6.551436311924967
2024,5210109,266,0.7327429459386826,0.7406015037593985,66.71,GO,6.564294593868269
2024,5219258,67,0.8394204513516008,0.9253731343283582,77.35,GO,6.592045135160092
2024,3133808,666,0.7803018027229053,0.8678678678678678,71.43,MG,6.600180272290515
2024,3536406,112,0.759419840408788,0.7589285714285714,69.3,SP,6.641984040878796
2024,2313401,1093,0.8671859889133935,0.8600182982616651,80.0,CE,6.718598891339354
2024,2204709,122,0.6627247904610316,0.6721311475409836,59.47,PI,6.802479046103159
2024,2705606,138,0.4139539371769903,0.39855072463768115,34.56,AL,6.835393717699027
2024,5106182,121,0.6613017190506021,0.6776859504132231,59.29,MT,6.84017190506021
2024,5106703,32,0.8412824463653391,0.96875,77.25,MT,6.878244636533907
2024,3143302,3495,0.7155090237058177,0.7525035765379113,64.62,MG,6.930902370581762
2024,2309607,667,0.8696695059123193,0.8785607196401799,80.0,CE,6.966950591231935
2024,4203402,63,0.5480566333168404,0.4603174603174603,47.83,SC,6.975663331684039
2024,2601607,174,0.6324795653477604,0.632183908045977,56.25,PE,6.997956534776037
2024,3554656,26,0.4726921655177917,0.3076923076923077,40.22,SP,7.049216551779168
2024,3159704,48,0.8113842712563231,0.8333333333333334,74.06,MG,7.078427125632302
2024,2401503,21,0.6647422676795481,0.7619047619047619,59.37,RN,7.10422676795482
2024,2103901,169,0.7821824145190397,0.8165680473372781,71.09,MA,7.1282414519039605
2024,2301901,705,0.8717649189811552,0.8794326241134752,80.0,CE,7.176491898115515
2024,3111309,89,0.7673645707005962,0.7640449438202247,69.55,MG,7.1864570700596175
2024,5219100,82,0.857206429588549,1.0,78.53,GO,7.190642958854895
2024,1700251,28,0.7223154841289842,0.75,65.03,TO,7.201548412898418
2024,2203701,415,0.6807785761262312,0.727710843373494,60.81,PI,7.267857612623118
2024,3167806,63,0.814794394209866,0.8888888888888888,74.19,MG,7.2894394209865965
2024,3536505,1040,0.6098038663967834,0.6192307692307693,53.65,SP,7.330386639678345
2024,2700904,90,0.8734096534284593,0.9888888888888889,80.0,AL,7.340965342845934
2024,5007109,419,0.48542076440919146,0.42720763723150357,41.16,MS,7.38207644091915
2024,2503555,105,0.4687842334941895,0.47619047619047616,39.49,PB,7.38842334941895
2024,5220108,323,0.7610306939242878,0.7585139318885449,68.7,GO,7.403069392428776
2024,5218508,544,0.7648772485713112,0.8014705882352942,69.08,GO,7.407724857131129
2024,3130200,126,0.7809787497836091,0.7936507936507936,70.67,MG,7.427874978360919
2024,4114906,108,0.8083430905134776,0.8518518518518519,73.34,PR,7.494309051347756
2024,3515806,11,0.44635063645108225,0.2727272727272727,37.09,SP,7.545063645108222
2024,4207577,33,0.829191657891372,0.9696969696969697,75.31,SC,7.609165789137194
2024,3169901,809,0.746626655166254,0.7861557478368356,67.05,MG,7.6126655166254125
2024,5102702,303,0.47022501613669915,0.42244224422442245,39.4,MT,7.622501613669918
2024,2202737,73,0.8610671154515728,0.9452054794520548,78.41,PI,7.696711545157285
2024,4212270,51,0.6200824351083373,0.6862745098039216,54.31,SC,7.698243510833727
2024,3118908,44,0.7875378263245426,0.7954545454545454,70.99,MG,7.763782632454266
2024,3131703,989,0.6879172528813692,0.6976744186046512,60.96,MG,7.831725288136916
2024,4103479,49,0.6757544147893055,0.6326530612244898,59.73,PR,7.84544147893056
2024,1100130,405,0.639982700965384,0.654320987654321,56.12,RO,7.878270096538401
2024,4108320,100,0.7842015505185718,0.8,70.52,PR,7.900155051857183
2024,3302452,105,0.7421224975099932,0.780952380952381,66.31,RJ,7.902249750999317
2024,5108402,3780,0.6114338052220264,0.6044973544973545,53.18,MT,7.963380522202641
2024,3557204,112,0.5252152827735861,0.5089285714285714,44.52,SP,8.00152827735861
2024,1703008,68,0.3561098303452494,0.19117647058823528,27.6,TO,8.01098303452494
2024,4127882,124,0.7421223908528747,0.7580645161290323,66.18,PR,8.032239085287458
2024,2108454,206,0.6914385403719643,0.6990291262135923,61.07,MA,8.073854037196433
2024,2605707,228,0.48492639936905346,0.5131578947368421,40.31,PE,8.182639936905346
2024,2307601,524,0.8818497213495325,0.8969465648854962,80.0,CE,8.184972134953256
2024,1712504,58,0.39568969619882255,0.3620689655172414,31.37,TO,8.198969619882252
2024,2109007,278,0.6996612039255534,0.7410071942446043,61.72,MA,8.24612039255534
2024,2908804,32,0.3948269754765936,0.40625,31.22,BA,8.262697547659364
2024,2614808,151,0.6834244515599424,0.7417218543046358,60.02,PE,8.322445155994238
2024,3513801,3765,0.5538056315771641,0.6,47.05,SP,8.330563157716412
2024,3165552,122,0.6218588827949982,0.6885245901639344,53.85,MG,8.33588827949982
2024,3128709,454,0.6620480122934377,0.6718061674008811,57.85,MG,8.35480122934377
2024,1713700,26,0.4480854125637499,0.46153846153846156,36.45,TO,8.358541256374984
2024,2702207,75,0.4968902502649908,0.5466666666666666,41.33,AL,8.359025026499083
2024,3145877,122,0.7397868042098132,0.7540983606557377,65.59,MG,8.388680420981316
2024,2614402,70,0.838603465501881,0.9428571428571428,75.45,PE,8.410346550188095
2024,3166808,162,0.716450814220018,0.7407407407407407,63.21,MG,8.435081422001794
2024,5206701,57,0.8050361521955405,0.8245614035087719,72.05,GO,8.453615219554052
2024,2923050,64,0.37379625110039805,0.390625,28.92,BA,8.459625110039802
2024,3515400,158,0.7409954075992115,0.8291139240506329,65.56,SP,8.539540759921138
2024,3554508,301,0.6209216247034788,0.6312292358803987,53.53,SP,8.562162470347879
2024,5005004,360,0.5067885918297236,0.5416666666666666,42.02,MS,8.658859182972357
2024,5101258,180,0.6243491412420341,0.6055555555555555,53.64,MT,8.794914124203409
2024,3537503,98,0.649071671897127,0.673469387755102,56.11,SP,8.797167189712695
2024,3125952,128,0.771905542347276,0.75,68.38,MG,8.810554234727604
2024,4216503,285,0.5009523962013634,0.43859649122807015,41.26,SC,8.835239620136349
2024,3127339,49,0.56722042189247,0.6530612244897959,47.75,MG,8.972042189246999
2024,1504406,189,0.4486472550689796,0.4497354497354497,35.89,PA,8.974725506897961
2024,3122355,99,0.6470120087271152,0.6363636363636364,55.72,MG,8.981200872711526
2024,3535200,76,0.7860836968000962,0.8421052631578947,69.6,SP,9.008369680009622
2024,2412807,41,0.3591167073091497,0.2926829268292683,26.88,RN,9.031670730914971
2024,3537404,205,0.7746147863237763,0.8390243902439024,68.39,SP,9.071478632377634
2024,2304202,1210,0.8908490042681457,0.9537190082644628,80.0,CE,9.08490042681457
2024,5006002,381,0.528813312834072,0.5695538057742782,43.79,MS,9.091331283407193
2024,2102150,93,0.49285590010145114,0.4946236559139785,40.15,MA,9.135590010145116
2024,5204003,95,0.8045985463081843,0.9368421052631579,71.31,GO,9.149854630818425
2024,2412401,36,0.5216103298991293,0.5555555555555556,42.95,RN,9.211032989912923
2024,3150703,99,0.7546296086155264,0.7676767676767676,66.13,MG,9.33296086155265
2024,2105500,245,0.5113573512534265,0.563265306122449,41.8,MA,9.335735125342651
2024,2609303,166,0.5154782621857895,0.5783132530120482,42.17,PE,9.377826218578953
2024,2306900,335,0.8940909570468992,0.8925373134328358,80.0,CE,9.409095704689918
2024,3542008,68,0.6581808551444837,0.6470588235294118,56.38,SP,9.438085514448368
2024,2406106,112,0.4419382549817171,0.4642857142857143,34.74,RN,9.45382549817171
2024,2803104,20,0.3594258085139462,0.35,26.4,SE,9.542580851394618
2024,2409100,99,0.41337342458546367,0.43434343434343436,31.79,RN,9.547342458546368
2024,2210508,192,0.6391441728812568,0.671875,54.3,PI,9.61441728812568
2024,3300506,227,0.6497052153879023,0.6740088105726872,55.3,RJ,9.670521538790226
2024,3160900,43,0.7995247110264816,0.813953488372093,70.24,MG,9.712471102648166
2024,2201572,26,0.8983032890605519,1.0,80.0,PI,9.830328906055186
2024,3168606,1190,0.6540704609984348,0.66890756302521,55.57,MG,9.837046099843484
2024,4207403,84,0.771128455688624,0.7976190476190477,67.27,SC,9.842845568862401
2024,3126109,469,0.7889877948271093,0.8571428571428571,69.05,MG,9.848779482710938
2024,3154002,168,0.7903576765856423,0.8392857142857143,69.16,MG,9.875767658564229
2024,3110707,110,0.8091524730303217,0.8181818181818182,71.0,MG,9.915247303032174
2024,3127701,2139,0.6665156547936304,0.6961196820944366,56.68,MG,9.971565479363043
2024,3513702,233,0.7277392035468041,0.8068669527896996,62.78,SP,9.993920354680412
2024,5100201,350,0.7255616519958596,0.7971428571428572,62.56,MT,9.99616519958596
2024,3144409,43,0.8174759079045749,0.8604651162790697,71.74,MG,10.007590790457499
2024,2309102,108,0.9002037571113622,0.8888888888888888,80.0,CE,10.020375711136225
2024,3140704,415,0.7065525269333359,0.7566265060240964,60.63,MG,10.025252693333591
2024,4209151,73,0.5377831853325474,0.4657534246575342,43.68,SC,10.09831853325474
2024,3202108,198,0.8104043714770116,0.9393939393939394,70.94,ES,10.100437147701157
2024,2202133,72,0.901010169819133,0.9583333333333334,80.0,PI,10.10101698191329
2024,5000708,405,0.4468936404422058,0.4148148148148148,34.56,MS,10.12936404422058
2024,2604700,130,0.6672476212611668,0.7230769230769231,56.47,PE,10.254762126116674
2024,2312502,55,0.9017042275230644,0.9636363636363636,79.85,CE,10.320422752306456
2024,3108008,124,0.7966972992603629,0.8387096774193549,69.34,MG,10.329729926036293
2024,2311355,154,0.8976755629667464,0.8831168831168831,79.4,CE,10.367556296674636
2024,2209872,45,0.44509772152605875,0.4444444444444444,34.14,PI,10.369772152605876
2024,2313302,527,0.9039140418124948,0.920303605313093,80.0,CE,10.391404181249484
2024,3106655,42,0.8057964151801775,0.8333333333333334,70.18,MG,10.399641518017745
2024,5205208,55,0.807259061215302,0.8727272727272727,70.26,GO,10.465906121530196
2024,5209291,21,0.8427015434242199,0.9523809523809523,73.75,GO,10.52015434242199
2024,4204509,189,0.7484959880307559,0.8042328042328042,64.27,SC,10.579598803075598
2024,3304102,123,0.5271635617383663,0.5284552845528455,42.11,RJ,10.60635617383663
2024,1502772,271,0.6619332443101734,0.7343173431734318,55.58,PA,10.613324431017347
2024,2410702,16,0.4287340691340842,0.375,32.22,RN,10.653406913408418
2024,2207108,21,0.7604600507322543,0.8571428571428571,65.38,PI,10.666005073225435
2024,3166709,84,0.6713855603333257,0.6547619047619048,56.46,MG,10.678556033332576
2024,1503044,228,0.6390210943961705,0.6710526315789473,53.03,PA,10.872109439617049
2024,5106299,158,0.7478378411800409,0.7974683544303798,63.88,MT,10.90378411800409
2024,4204178,26,0.4698031059882134,0.5,36.07,SC,10.91031059882134
2024,2504108,24,0.8170968952730897,0.9166666666666666,70.72,PB,10.989689527308968
2024,3510807,217,0.6169742536043445,0.6221198156682027,50.63,SP,11.067425360434449
2024,2928950,51,0.4356217844320426,0.5294117647058824,32.49,BA,11.072178443204258
2024,3171501,43,0.673377371228292,0.6744186046511628,56.26,MG,11.077737122829198
2024,5005202,332,0.43476261701872415,0.3373493975903614,32.39,MS,11.086261701872417
2024,3144805,855,0.7172801085889016,0.7976608187134503,60.62,MG,11.108010858890161
2024,3121100,43,0.7735514355667793,0.9302325581395349,66.18,MG,11.175143556677924
2024,2300309,365,0.7671549016829957,0.6438356164383562,65.49,CE,11.225490168299572
2024,5206503,44,0.7111221601747915,0.7272727272727273,59.88,GO,11.23221601747914
2024,3169406,540,0.7556203063066191,0.8203703703703704,64.27,MG,11.292030630661912
2024,2405207,43,0.4199834353286358,0.37209302325581395,30.69,RN,11.308343532863578
2024,1700301,77,0.4373705522356943,0.4025974025974026,32.42,TO,11.317055223569433
2024,2311108,252,0.9135251513519398,0.9206349206349206,80.0,CE,11.352515135193983
2024,2301802,36,0.9135588338900192,0.9166666666666666,80.0,CE,11.355883389001917
2024,2206050,43,0.628726370123561,0.6046511627906976,51.46,PI,11.4126370123561
2024,3159001,59,0.7548268367336098,0.8135593220338984,64.05,MG,11.432683673360984
2024,3533106,18,0.8027487057602143,0.8333333333333334,68.83,SP,11.44487057602143
2024,2805109,62,0.3283795120632973,0.11290322580645161,21.39,SE,11.447951206329726
2024,3149606,57,0.7823643168233594,0.8070175438596491,66.77,MG,11.466431682335937
2024,3532801,61,0.7283255616135689,0.7377049180327869,61.36,SP,11.472556161356891
2024,3108404,144,0.7950527896148731,0.8472222222222222,67.86,MG,11.645278961487307
2024,3158300,58,0.790138872175917,0.8793103448275862,67.34,MG,11.673887217591698
2024,2301208,317,0.917085770731025,0.9085173501577287,80.0,CE,11.708577073102504
2024,2412906,63,0.3906600260853633,0.49206349206349204,27.18,RN,11.88600260853633
2024,3126802,76,0.6845735955393667,0.6973684210526315,56.48,MG,11.977359553936672
2024,2306504,174,0.9198872140769027,0.9252873563218391,80.0,CE,11.988721407690264
2024,5101704,410,0.6773168444397412,0.7268292682926829,55.71,MT,12.021684443974117
2024,3541307,407,0.6560254900784881,0.7223587223587223,53.56,SP,12.042549007848805
2024,3554607,29,0.5763197990991608,0.5862068965517241,45.52,SP,12.111979909916073
2024,1300201,164,0.7064582058997502,0.8414634146341463,58.48,AM,12.16582058997502
2024,5004106,155,0.6447603884995212,0.6580645161290323,52.3,MS,12.176038849952121
2024,2204501,128,0.6620331960158059,0.6796875,54.0,PI,12.203319601580588
2024,3169109,109,0.7813315701774252,0.8899082568807339,65.89,MG,12.243157017742519
2024,3124104,914,0.6789670572079309,0.6925601750547046,55.55,MG,12.346705720793096
2024,3532405,211,0.6462293971797283,0.6018957345971564,52.23,SP,12.39293971797283
2024,4202602,107,0.5179986334976596,0.45794392523364486,39.4,SC,12.399863349765965
2024,2201176,44,0.7668691929327703,0.9318181818181818,64.23,PI,12.456919293277025
2024,3171709,84,0.7413226355023227,0.7380952380952381,61.6,MG,12.532263550232265
2024,3130507,143,0.6420970089004396,0.6573426573426573,51.49,MG,12.71970089004396
2024,2313252,97,0.9282041589673246,0.9175257731958762,80.0,CE,12.820415896732456
2024,2304103,674,0.9285696960186198,0.9718100890207715,80.0,CE,12.856969601861977
2024,2609709,94,0.7721801227348968,0.9148936170212766,64.34,PE,12.878012273489674
2024,3144375,48,0.6716938121917727,0.6458333333333334,54.28,MG,12.889381219177267
2024,3157807,2300,0.6911619258873479,0.7091304347826087,56.2,MG,12.916192588734788
2024,4106100,49,0.6915318404572223,0.6938775510204082,56.22,PR,12.933184045722228
2024,2302602,745,0.9306082464687178,0.9409395973154362,80.0,CE,13.06082464687178
2024,3106606,40,0.7600258858246883,0.85,62.87,MG,13.132588582468834
2024,2311231,79,0.9320638765422261,0.9746835443037974,80.0,CE,13.20638765422261
2024,2207850,40,0.8178296333776156,0.9,68.54,PI,13.242963337761552
2024,2703502,83,0.7179718506550755,0.7710843373493976,58.55,AL,13.247185065507551
2024,5006408,110,0.5381214602083522,0.5636363636363636,40.53,MS,13.282146020835214
2024,2111573,72,0.6000163862725241,0.5972222222222222,46.51,MA,13.491638627252406
2024,2303006,157,0.9350760492736301,0.9872611464968153,80.0,CE,13.507604927363005
2024,1100601,68,0.7234890608479817,0.7941176470588235,58.84,RO,13.50890608479817
2024,2312007,287,0.9358069307321214,0.9825783972125436,80.0,CE,13.580693073212146
2024,1505601,70,0.7173492138919668,0.8428571428571429,58.11,PA,13.624921389196686
2024,2403756,29,0.5353256883220915,0.6206896551724138,39.77,RN,13.762568832209148
2024,2308906,269,0.938508378922154,0.9776951672862454,80.0,CE,13.850837892215395
2024,3117207,30,0.7556437784233221,0.7666666666666667,61.58,MG,13.984377842332208
2024,3162104,528,0.7149631699858751,0.7537878787878788,57.5,MG,13.996316998587503
2024,3529658,16,0.5555762616174005,0.5625,41.56,SP,13.997626161740044
2024,2313955,205,0.9409849739466035,0.9804878048780488,80.0,CE,14.098497394660356
2024,3117504,206,0.7636506142958996,0.8058252427184466,62.26,MG,14.10506142958996
2024,3152907,85,0.7970123848469826,0.7764705882352941,65.46,MG,14.241238484698258
2024,2511608,89,0.6220674980821648,0.6179775280898876,47.82,PB,14.386749808216479
2024,2311959,253,0.9439693204420019,0.9841897233201581,80.0,CE,14.396932044200184
2024,1718865,70,0.3788392758804759,0.3142857142857143,23.48,TO,14.40392758804759
2024,3116159,208,0.6869667086659693,0.6923076923076923,54.23,MG,14.466670866596935
2024,3100104,52,0.7895860808238099,0.9615384615384616,64.48,MG,14.478608082380987
2024,3161403,46,0.7731292823409028,0.782608695652174,62.82,MG,14.492928234090279
2024,4304101,43,0.48252230648551103,0.3023255813953488,33.67,RS,14.582230648551104
2024,2304301,175,0.9465776711381477,0.96,80.0,CE,14.65776711381477
2024,2516201,524,0.6458247270853165,0.6583969465648855,49.9,PB,14.682472708531641
2024,2305506,741,0.7539291492454488,0.6342780026990553,60.44,CE,14.952914924544885
2024,3139409,966,0.6871046981037208,0.7639751552795031,53.58,MG,15.130469810372077
2024,5216809,61,0.7788180734343488,0.8524590163934426,62.71,GO,15.171807343434885
2024,2515930,63,0.7183815412054224,0.746031746031746,56.63,PB,15.20815412054224
2024,5106208,46,0.7491628667293808,0.8043478260869565,59.69,MT,15.226286672938087
2024,3165404,69,0.7273646214770533,0.7536231884057971,57.41,MG,15.326462147705328
2024,3127057,44,0.5949171230641941,0.6818181818181818,43.82,MG,15.671712306419408
2024,5203559,123,0.7747696521564716,0.8617886178861789,61.67,GO,15.806965215647168
2024,3163508,55,0.7538438542609274,0.8181818181818182,59.37,MG,16.014385426092737
2024,2112407,294,0.6278074395446342,0.6496598639455783,46.7,MA,16.080743954463422
2024,1101484,53,0.7386230093461666,0.7735849056603774,57.76,RO,16.10230093461667
2024,3145505,31,0.8136142904186603,0.9354838709677419,65.19,MG,16.171429041866034
2024,3158508,37,0.6654207815551897,0.6486486486486487,50.29,MG,16.252078155518966
2024,2204154,21,0.7917437653899102,0.9523809523809523,62.8,PI,16.37437653899103
2024,5201454,44,0.7938649229932256,0.7727272727272727,62.97,GO,16.41649229932257
2024,2300507,105,0.9655883284311543,0.9904761904761905,80.0,CE,16.558832843115425
2024,2502052,35,0.8104558132116416,0.9428571428571428,64.46,PB,16.58558132116417
2024,1716208,120,0.6494697077744468,0.6833333333333333,48.28,TO,16.666970777444675
2024,3138609,129,0.6869075445868884,0.7131782945736435,51.94,MG,16.750754458688846
2024,3153806,20,0.8134220739049886,0.95,64.59,MG,16.752207390498853
2024,3136652,354,0.6975356711034325,0.6864406779661016,52.87,MG,16.883567110343257
2024,2202752,64,0.7601263163727197,0.890625,58.67,PI,17.342631637271964
2024,3119302,289,0.655085452836605,0.7958477508650519,47.93,MG,17.578545283660496
2024,3555307,17,0.6881473982341224,0.7058823529411765,51.04,SP,17.77473982341224
2024,3163102,46,0.7708121436297839,0.8260869565217391,59.26,MG,17.821214362978388
2024,3126000,78,0.7882477160672842,0.8589743589743589,60.94,MG,17.88477160672842
2024,3126406,22,0.805792510224033,0.9090909090909091,62.69,MG,17.8892510224033
2024,3172103,38,0.7354820581356133,0.7631578947368421,55.59,MG,17.95820581356132
2024,3154408,43,0.7768953012449139,0.813953488372093,59.64,MG,18.049530124491383
2024,2203107,20,0.7352146675381565,0.85,55.47,PI,18.051466753815646
2024,5202155,93,0.6733656169046759,0.6881720430107527,49.16,GO,18.176561690467594
2024,3101201,56,0.7776312343831674,0.8571428571428571,59.4,MG,18.36312343831674
2024,3170909,173,0.7058127899794421,0.6936416184971098,52.18,MG,18.40127899794421
2024,3104403,28,0.7793617006115708,0.8928571428571429,59.26,MG,18.676170061157087
2024,3532108,32,0.8004004204691623,1.0,61.33,SP,18.71004204691623
2024,2500700,113,0.6691545643232988,0.7345132743362832,48.11,PB,18.805456432329876
2024,2403905,19,0.6969613605838657,0.7894736842105263,50.65,RN,19.046136058386573
2024,3116100,72,0.6636053253025369,0.6527777777777778,47.26,MG,19.100532530253695
2024,3106903,107,0.6992539388362118,0.7009345794392523,50.81,MG,19.11539388362118
2024,1709005,127,0.37893318059825626,0.3858267716535433,18.74,TO,19.153318059825626
2024,5105002,111,0.7146711660016721,0.7477477477477478,52.12,MT,19.34711660016722
2024,5001508,128,0.52552825605874,0.5234375,33.17,MS,19.382825605873997
2024,5007935,220,0.7230877808114142,0.7863636363636364,52.8,MS,19.50877808114143
2024,2200251,59,0.6990226922837105,0.7457627118644068,50.17,PI,19.732269228371052
2024,4215687,24,0.7838828759112636,0.9583333333333334,58.41,SC,19.97828759112636
2024,2412302,92,0.4506565301240419,0.5108695652173914,25.0,RN,20.06565301240419
2024,3148301,79,0.7828462570228696,0.9113924050632911,58.13,MG,20.154625702286957
2024,3503000,54,0.6945200987271997,0.7222222222222222,49.16,SP,20.292009872719973
2024,5103361,59,0.6748360429730882,0.6949152542372882,47.02,MT,20.463604297308812
2024,3523008,47,0.7518019285159405,0.7872340425531915,54.6,SP,20.580192851594056
2024,3109402,268,0.6496339545949822,0.6268656716417911,44.21,MG,20.753395459498215
2024,3113008,159,0.6884960018410325,0.7044025157232704,48.07,MG,20.779600184103252
2024,3143153,23,0.7565948808294651,0.8260869565217391,54.82,MG,20.83948808294651
2024,3164431,26,0.7864461461960428,0.9230769230769231,57.79,MG,20.854614619604284
2024,2200103,63,0.6046362991336985,0.6031746031746031,39.55,PI,20.91362991336986
2024,2706109,112,0.48477159459998254,0.5357142857142857,27.52,AL,20.957159459998255
2024,3142106,63,0.7380203865870821,0.7619047619047619,52.6,MG,21.20203865870821
2024,2101905,77,0.6136537191568245,0.6103896103896104,39.93,MA,21.435371915682452
2024,3522802,122,0.6470293654493612,0.7049180327868853,43.0,SP,21.702936544936122
2024,3169505,51,0.7297009857068437,0.7450980392156863,50.96,MG,22.01009857068437
2024,1507102,140,0.6293985564665239,0.6928571428571428,40.26,PA,22.679855646652392
2024,2516300,132,0.6294582846358364,0.6439393939393939,40.1,PB,22.845828463583643
2024,4219358,52,0.7312496158797578,0.75,50.26,SC,22.864961587975777
2024,2405603,97,0.6040744166652681,0.5670103092783505,37.47,RN,22.93744166652681
2024,3107604,47,0.7912281555241107,0.8723404255319149,55.99,MG,23.132815552411067
2024,3157500,50,0.7269061734633508,0.76,49.21,MG,23.480617346335087
2024,3111903,46,0.7993236185634072,0.9347826086956522,55.6,MG,24.332361856340718
2024,3102407,67,0.7243389447121598,0.6567164179104478,47.88,MG,24.553894471215976
2024,2410603,19,0.6168311049580959,0.6842105263157895,37.03,RN,24.653110495809585
2024,3135209,675,0.5225205301761613,0.5792592592592593,27.24,MG,25.01205301761613
2024,3121902,52,0.7400302339574918,0.75,48.91,MG,25.093023395749185
2024,2205557,94,0.5452126505506701,0.5851063829787234,28.81,PI,25.711265055067013
2024,3555604,98,0.7647781399641671,0.8775510204081632,50.47,SP,26.007813996416715
2024,3122900,69,0.7951863158118733,0.9565217391304348,52.47,MG,27.048631581187323
2024,1703826,25,0.625631054992382,0.64,34.72,TO,27.843105499238206
2024,5107578,57,0.6407841748869667,0.5087719298245614,36.18,MT,27.898417488696673
2024,3112653,43,0.7469262409904855,0.7674418604651163,46.67,MG,28.022624099048556
2024,2517209,39,0.63411927691272,0.6410256410256411,35.36,PB,28.051927691272
2024,5211008,94,0.703506858557312,0.7340425531914894,41.17,GO,29.1806858557312
2024,2513653,30,0.7532439079818054,0.9,46.0,PB,29.324390798180545
2024,2305100,73,0.8983225988109943,0.958904109589041,59.66,CE,30.172259881099436
2024,4315057,22,0.7767877055933412,0.9545454545454546,47.22,RS,30.458770559334127
2024,3138005,50,0.7704656822344985,0.82,46.49,MG,30.55656822344985
2024,2403400,47,0.590996276888302,0.5957446808510638,27.64,RN,31.459627688830203
2024,3116902,39,0.7387835707746874,0.7435897435897436,42.41,MG,31.46835707746874
2024,2505600,28,0.6599226844819555,0.7142857142857143,32.22,PB,33.77226844819555
2024,3150208,36,0.7582220196351781,0.8055555555555556,41.95,MG,33.87220196351781
2024,2104081,73,0.7345076437624387,0.7945205479452054,36.99,MA,36.460764376243866
2024,2516151,55,0.6359256416106076,0.6727272727272727,25.43,PB,38.162564161060764
2024,5103437,71,0.7856748894788329,0.9295774647887324,40.14,MT,38.42748894788329
2024,5101209,10,0.7894240501989525,1.0,29.4,MT,49.54240501989525
